214b3097-5846-41d1-8ef7-ba16a9d86b78,Acı Biber Salçası,f,f,Acı Biber Salçası,"['""acı biber salçası""', '""hot pepper paste""', '""aci biber salcasi""']",t,t
1d1e6ccf-1c7b-4e7f-b750-7513d8972936,Acı Sivri Biber,f,f,Acı Sivri Biber,"['""acı sivri biber""', '""hot green pepper""', '""acı biber""', '""aci sivri biber""']",t,f
4777b4f6-e057-41c7-ba89-1dee2d441ce0,Acı Sos,f,f,Acı Sos,"['""acı sos""', '""hot sauce""', '""chili sauce""', '""aci sos""']",t,t
ab852f32-78fb-49fd-b8e4-6d244688adaf,Acı Toz Biber,f,f,Acı Toz Biber,"['""acı toz biber""', '""hot paprika""', '""aleppo pepper""', '""aci toz biber""']",t,t
cc4b8e59-f41d-44b7-b2ec-6d4a2bdfc569,Adaçayı,f,f,Adaçayı,"['""adaçayı""', '""sage""', '""adacayi""', '""taze adaçayı""']",t,t
a0313c03-383c-4f8d-a425-460ab8a5c990,Ahtapot,f,f,Ahtapot,"['""ahtapot""', '""octopus""', '""taze ahtapot""']",t,f
646785fd-8f20-41a2-a244-a787ebcbd05e,Ahududu,f,f,Ahududu,"['""ahududu""', '""raspberry""', '""frambuaz""', '""taze ahududu""']",t,f
4afc7549-a5a5-42f5-a838-0ab634bc9c5b,Alabalık,f,f,Alabalık,"['""alabalık""', '""trout""', '""alabalik""', '""taze alabalık""']",t,f
5879dcd5-b6ee-4bca-b512-fce4b96ae959,Ananas,f,f,Ananas,"['""ananas""', '""pineapple""', '""taze ananas""']",t,f
9828e019-139f-48cb-89d7-693ae0b873cc,Anason,f,f,Anason,"['""anason""', '""anise""', '""taze anason""']",t,t
18a4939f-6e3e-43e3-8875-9c19d984153c,Antep Fıstığı,f,f,Antep Fıstığı,"['""antep fıstığı""', '""pistachio""', '""pistachios""', '""antep fistigi""']",t,f
aa2dc2c3-3701-456b-8cd9-ea608cedc56a,Arpa Şehriye,f,f,Arpa Şehriye,"['""arpa şehriye""', '""orzo""', '""toasted orzo""', '""arpa sehriye""']",t,f
2080d447-b748-4452-97b6-8526c04bceed,Asma Yaprağı,f,f,Asma Yaprağı,"['""asma yaprağı""', '""vine leaves""', '""üzüm yaprağı""', '""sarma yaprağı""', '""asma yapragi""']",t,f
1a2f7e40-26de-4e2e-a353-1c600aae8c84,Aşurelik Buğday,f,f,Aşurelik Buğday,"['""aşurelik buğday""', '""yarma buğday""', '""wheat berries""', '""asurelik bugday""']",t,f
55494904-b1b3-4ad7-a120-74f7d31da8b6,Ayran,f,f,Ayran,"['""ayran""', '""yogurt drink""', '""taze ayran""']",t,f
a2957ae7-9f67-4b94-946d-8debe10d6f92,Ayva,f,f,Ayva,"['""ayva""', '""quince""', '""taze ayva""']",t,f
2de656e8-3f8f-49b5-be96-35c5ffa970e4,Badem İçi,f,f,Badem İçi,"['""badem içi""', '""almond kernels""', '""badem i̇çi""', '""badem ici""']",t,f
b1b96f10-b997-4021-b734-73b2c396270f,Bakla,f,f,Bakla,"['""bakla""', '""broad beans""', '""taze bakla""']",t,f
285197c6-ec73-4851-b33b-dfc5830fee4e,Bakla İçi,f,f,Bakla İçi,"['""iç bakla""', '""bakla içi""', '""peeled broad beans""', '""bakla i̇çi""', '""bakla ici""']",t,f
386f1896-07b0-4a2b-bb8c-fe0894facec0,Baklavalık Yufka,f,f,Baklavalık Yufka,"['""baklavalık yufka""', '""phyllo dough""', '""filo pastry""', '""baklavalik yufka""']",t,f
1d4c5657-d472-4c55-8654-964660fb0871,Baldo Pirinç,f,f,Baldo Pirinç,"['""baldo pirinç""', '""baldo rice""', '""baldo pirinc""']",t,f
209ece7a-b6e3-476a-9d5e-e575e9987de1,Bamya,f,f,Bamya,"['""bamya""', '""okra""', '""taze bamya""']",t,f
ac6a7fcd-3fc3-4cfd-8eb8-6cece0f6fa7c,Barbun,f,f,Barbun,"['""barbun""', '""red mullet""', '""taze barbun""']",t,f
a93eac63-1b8c-4aae-9837-d64690092ab6,Bazlama,f,f,Bazlama,"['""bazlama""', '""bazlama ekmeği""', '""taze bazlama""']",t,f
17dc8373-b205-4e23-91ee-d8867cdfc2fa,Beyaz Biber,f,f,Beyaz Biber,"['""beyaz biber""', '""white pepper""']",t,t
6eddd539-2585-4d37-bded-1a2658f97120,Beyaz Lahana,f,f,Beyaz Lahana,"['""beyaz lahana""', '""white cabbage""', '""lahana""']",t,f
2741a098-f4b1-48cf-8ff8-e1a7ae190b55,Beyaz Susam,f,f,Beyaz Susam,"['""beyaz susam""', '""white sesame""']",t,t
8462cd89-da4d-4a02-8464-2fd3b94cfcf1,Biber Salçası,f,f,Biber Salçası,"['""biber salçası""', '""pepper paste""', '""kırmızı biber salçası""', '""biber salcasi""']",t,t
d0db6fa4-4658-4c24-8ca4-10b36a88f50d,Biberiye,f,f,Biberiye,"['""biberiye""', '""rosemary""', '""taze biberiye""']",t,t
a47601c4-efdc-42be-b040-46c986fa47b7,Böğürtlen,f,f,Böğürtlen,"['""böğürtlen""', '""blackberry""', '""bogurtlen""', '""taze böğürtlen""']",t,f
02e5a3ea-592b-49fe-8a92-937c3586d36c,Börek Yufkası,f,f,Börek Yufkası,"['""börek yufkası""', '""borek sheets""', '""borek yufkasi""']",t,f
ad9665c7-652c-418d-8439-e30a497303c5,Börülce,f,f,Börülce,"['""börülce""', '""borulce""', '""black-eyed pea""', '""karnıkara""', '""taze börülce""']",t,f
80c0efb4-18a6-4b4d-9176-7eadd51a409a,Boza,f,f,Boza,"['""boza""', '""fermented millet drink""', '""taze boza""']",t,f
5c14fbf1-64e9-46b4-8339-dbf9d53c20e1,Brüksel Lahanası,f,f,Brüksel Lahanası,"['""brüksel lahanası""', '""brussels sprouts""', '""bruksel lahanasi""']",t,f
020a9014-81db-47c2-b3ce-9fc54ff9c810,Buğday Nişastası,f,f,Buğday Nişastası,"['""buğday nişastası""', '""wheat starch""', '""bugday nisastasi""']",t,f
28ce46a9-dedd-4f1b-a022-c6aa150a1a76,Çam Fıstığı,f,f,Çam Fıstığı,"['""çam fıstığı""', '""pine nuts""', '""cam fistigi""']",t,f
4060f7e5-b60f-4333-ad81-572541f2a760,Çarliston Biber,f,f,Çarliston Biber,"['""charleston biber""', '""çarliston""', '""çarli biber""', '""çarliston biber""', '""carliston biber""']",t,f
704d108a-7794-46c7-93f9-d67e76c3fe9b,Çeçil Peyniri,f,f,Çeçil Peyniri,"['""çeçil peyniri""', '""cecil cheese""', '""cecil peyniri""']",t,f
3d9dffda-1f8f-43cc-b61b-12c5ca4bd737,Ceviz İçi,f,f,Ceviz İçi,"['""ceviz içi""', '""walnut halves""', '""ceviz i̇çi""', '""ceviz ici""']",t,f
8e2c65e5-ff0c-4140-8a99-3a20638403d2,Çökelek,f,f,Çökelek,"['""çökelek""', '""cokelek""', '""curd cheese""', '""taze çökelek""']",t,f
38edc32f-0d61-4710-b81e-a3d76cab45e4,Çörek Otu,f,f,Çörek Otu,"['""çörek otu""', '""black cumin""', '""nigella""', '""corek otu""']",t,t
e6c46e2d-e683-4f68-95d5-6c8510f74a4d,Damla Sakızı,f,f,Damla Sakızı,"['""damla sakızı""', '""mastic""', '""damla sakizi""']",t,t
947155b6-efe2-40d6-a627-f4b3eb106f25,Dana Biftek,f,f,Dana Biftek,"['""dana biftek""', '""beef steak""', '""antrikot""']",t,f
9d0c1cd3-fcac-4dbd-84a3-5836f20bc8fb,Dana Bonfile,f,f,Dana Bonfile,"['""dana bonfile""', '""beef tenderloin""', '""bonfile""']",t,f
37100682-d20c-42fb-9214-90cff314d981,Dana Ciğeri,f,f,Dana Ciğeri,"['""dana ciğeri""', '""beef liver""', '""arnavut ciğeri""', '""dana cigeri""']",t,f
ce530eb9-7758-465a-aabd-7ceb2df0ce75,Dana Kuşbaşı,f,f,Dana Kuşbaşı,"['""dana kuşbaşı""', '""beef cubes""', '""stew beef""', '""dana kusbasi""']",t,f
e220e9a3-1248-451a-916f-1a6713664ce3,Defne Yaprağı,f,f,Defne Yaprağı,"['""defne yaprağı""', '""bay leaf""', '""laurel leaf""', '""defne yapragi""']",t,t
b45802ed-7d50-44b2-8f98-1e9d549f5e4b,Dil,f,f,Dil,"['""dil""', '""beef tongue""', '""taze dil""']",t,f
fbd990be-1e3a-4b11-ba9d-ef29279d3efb,Dil Peyniri,f,f,Dil Peyniri,"['""dil peyniri""', '""string cheese""']",t,f
1b829518-881c-48ff-9f05-e198898b6959,Dolmalık Biber,f,f,Dolmalık Biber,"['""dolmalik biber""', '""bell pepper""', '""dolma biberi""', '""dolmalık biber""']",t,f
e9b007c7-b944-4bcd-9fcf-410a96748f93,Domates Salçası,f,f,Domates Salçası,"['""domates salçası""', '""tomato paste""', '""salça""', '""domates salcasi""']",t,t
a58e3769-910f-4939-a0cd-1e5cda29f159,Dut,f,f,Dut,"['""dut""', '""mulberry""', '""kara dut""', '""taze dut""']",t,f
ebb792a2-ce84-444f-8154-b35864f99b64,Dut Pekmezi,f,f,Dut Pekmezi,"['""dut pekmezi""', '""mulberry molasses""']",t,t
f547862a-160d-46be-b40d-fa1a06e9e8f7,Elma Sirkesi,f,f,Elma Sirkesi,"['""elma sirkesi""', '""apple cider vinegar""']",t,t
5232e5b2-7406-4b69-a30a-82ce7f48deea,Enginar,f,f,Enginar,"['""enginar""', '""artichoke""', '""taze enginar""']",t,f
22136e0b-8174-4b29-bbfb-f90b09e1704f,Erik,f,f,Erik,"['""erik""', '""plum""', '""can eriği""', '""taze erik""']",t,f
176c0948-c748-447e-aeaa-e0ec6c9891be,Erişte,f,f,Erişte,"['""erişte""', '""egg noodles""', '""homemade erişte""', '""eriste""', '""taze erişte""']",t,f
6f76d03c-0204-4c56-a22e-8d69344fda1f,Esmer Şeker,f,f,Esmer Şeker,"['""esmer şeker""', '""brown sugar""', '""esmer seker""']",t,t
5e86143d-d26a-4ae6-aa1c-7000f179b834,Ezine Peyniri,f,f,Ezine Peyniri,"['""ezine peyniri""', '""ezine cheese""']",t,f
81f5d70b-f243-4753-8444-823e41554858,Fesleğen,f,f,Fesleğen,"['""fesleğen""', '""feslegen""', '""basil""', '""taze fesleğen""']",t,t
3286822b-725e-4f78-af95-f7ea36e74258,Fıstık,f,f,Fıstık,"['""fıstık""', '""peanut""', '""nuts""', '""fistik""', '""taze fıstık""']",t,f
eb88f100-30e8-48eb-9552-fcc063701c70,Galeta Unu,f,f,Galeta Unu,"['""galeta unu""', '""bread crumbs""', '""ekmek kırıntısı""']",t,t
6dd0657b-c1f7-4b60-8afb-7e8359c47e57,Greyfurt,f,f,Greyfurt,"['""greyfurt""', '""grapefruit""', '""taze greyfurt""']",t,f
4919d5b3-2028-4a3c-ad9b-d796e27a2dd4,Gül Suyu,f,f,Gül Suyu,"['""gül suyu""', '""rose water""', '""gul suyu""']",t,t
d1ce1aff-8a2d-4e38-801f-9d30e6c15b3b,Güllaç Yaprağı,f,f,Güllaç Yaprağı,"['""güllaç yaprağı""', '""gullac leaf""', '""milk phyllo sheets""', '""gullac yapragi""']",t,f
ff40e56b-5f55-47d1-8050-bdef2c8cffd6,Gün Kurusu Kayısı,f,f,Gün Kurusu Kayısı,"['""gün kurusu""', '""kuru kayısı""', '""sun-dried apricot""', '""gün kurusu kayısı""', '""gun kurusu kayisi""']",t,f
4081407b-0c1c-4efc-90e2-8805cac15d8f,Hake,f,f,Hake,"['""mezgit fileto""', '""hake""', '""taze hake""']",t,f
f469ff19-90c6-45e2-b89b-73b22b1b01f8,Hardal,f,f,Hardal,"['""hardal""', '""mustard""', '""taze hardal""']",t,t
7da8a4cb-be47-43dc-b129-3483ac825232,Hardal Tohumu,f,f,Hardal Tohumu,"['""hardal tohumu""', '""mustard seeds""']",t,t
ff2253ae-5307-47bb-8e10-a2cd0b1c9121,Haşhaş,f,f,Haşhaş,"['""haşhaş""', '""poppy seeds""', '""hashas""', '""taze haşhaş""']",t,t
55c208f2-9e34-429f-b542-17d8da77cbd5,Hellim,f,f,Hellim,"['""hellim""', '""halloumi""', '""taze hellim""']",t,f
7cb1cad7-c74a-47f4-bafe-5acf2e616e5a,Hindi But,f,f,Hindi But,"['""hindi but""', '""turkey leg""']",t,f
02526b8c-1338-442e-8376-085d5ba28d39,Hindi Füme,f,f,Hindi Füme,"['""hindi füme""', '""smoked turkey""', '""hindi fume""']",t,f
9f1dcbd9-bb2e-4aa7-bea2-20cb8f3cdb7b,Hurma,f,f,Hurma,"['""hurma""', '""date fruit""', '""medjool hurma""', '""taze hurma""']",t,f
d79ba95b-c5f1-49ef-b086-37ed7e7f632b,İnce Bulgur,f,f,İnce Bulgur,"['""ince bulgur""', '""fine bulgur""', '""köftelik bulgur""', '""i̇nce bulgur""']",t,f
c8b77842-f7dc-403b-98fa-4ab975ae4d11,İncir,f,f,İncir,"['""incir""', '""fig""', '""taze incir""', '""i̇ncir""', '""taze i̇ncir""']",t,f
8be58a3e-1e3d-41f8-a61a-7f4db4103338,İrmik,f,f,İrmik,"['""irmik""', '""semolina""', '""i̇rmik""', '""taze i̇rmik""']",t,f
01be3b9e-48b4-40bd-b717-f87863903c6f,İşkembe,f,f,İşkembe,"['""işkembe""', '""tripe""', '""i̇şkembe""', '""iskembe""', '""taze i̇şkembe""']",t,f
c5dbb474-95b4-48ac-9473-6a7b9d3b12d7,İsot,f,f,İsot,"['""isot""', '""urfa biberi""', '""isot pepper""', '""i̇sot""', '""taze i̇sot""']",t,t
76a8ef78-e77b-4cc5-951b-80c2309f8b4d,İstavrit,f,f,İstavrit,"['""istavrit""', '""horse mackerel""', '""i̇stavrit""', '""taze i̇stavrit""']",t,f
9a6ffdab-b423-4116-8cca-84b11858b8d4,İstiridye Mantarı,f,f,İstiridye Mantarı,"['""istiridye mantarı""', '""oyster mushroom""', '""i̇stiridye mantarı""', '""istiridye mantari""']",t,f
7f2214f0-6edc-4643-a23d-991afdd1699c,Jasmin Pirinç,f,f,Jasmin Pirinç,"['""jasmine rice""', '""yasemin pirinci""', '""jasmin pirinç""', '""jasmin pirinc""']",t,f
bc25d677-f56f-4f82-9c52-31fdf49a86b7,Kabak Çekirdeği,f,f,Kabak Çekirdeği,"['""kabak çekirdeği""', '""pumpkin seeds""', '""kabak cekirdegi""']",t,f
56d3414f-1f41-491c-8974-9c798636f4bb,Kabak Çekirdeği İçi,f,f,Kabak Çekirdeği İçi,"['""kabak çekirdeği içi""', '""pumpkin seed kernels""', '""kabak çekirdeği i̇çi""', '""kabak cekirdegi ici""']",t,f
20a53a09-3e22-4c1b-b729-d8a4f6a5e7e6,Kabartma Tozu,f,f,Kabartma Tozu,"['""kabartma tozu""', '""baking powder""']",t,t
c8dae847-6dd0-4c08-a1af-5ef569a3a27a,Kadayıf,f,f,Kadayıf,"['""kadayıf""', '""shredded phyllo""', '""kadayif""', '""taze kadayıf""']",t,f
b885e868-cd2b-457d-8d55-43dcc1c81cf2,Kadayıflık Fıstık,f,f,Kadayıflık Fıstık,"['""kadayıflık fıstık""', '""ground pistachio""', '""kadayiflik fistik""']",t,f
d8abfd3d-7738-4687-b278-00f7a3088ea4,Kakao,f,f,Kakao,"['""kakao""', '""cocoa powder""', '""taze kakao""']",t,t
97f1c567-8611-4b5c-abf8-a506d993ca6e,Kakule,f,f,Kakule,"['""kakule""', '""cardamom""', '""taze kakule""']",t,t
7f2ef4f6-174a-4923-a98f-b786668e21d4,Kalamar,f,f,Kalamar,"['""kalamar""', '""squid""', '""calamari""', '""taze kalamar""']",t,f
fe80fcb5-6aad-4f02-9927-784e2f2ee8df,Kalkan,f,f,Kalkan,"['""kalkan""', '""turbot""', '""taze kalkan""']",t,f
003a6893-687d-4e00-bd7c-f3d14b3e01fb,Kapari,f,f,Kapari,"['""kapari""', '""capers""', '""taze kapari""']",t,f
5826ed24-b540-4c4f-b8ca-2ff14c3db10a,Kara Lahana,f,f,Kara Lahana,"['""kara lahana""', '""collard greens""', '""karadeniz lahanası""']",t,f
5c776233-efe3-4ea0-a178-d5744f7c374e,Karanfil,f,f,Karanfil,"['""karanfil""', '""clove""', '""taze karanfil""']",t,t
19e685ec-ce83-40b0-b7ba-7c2b880965d3,Karbonat,f,f,Karbonat,"['""karbonat""', '""baking soda""', '""taze karbonat""']",t,t
969a53b4-6b34-4461-8b02-1e70bf990db3,Karides,f,f,Karides,"['""karides""', '""shrimp""', '""prawn""', '""taze karides""']",t,f
dc544854-1335-49b3-be7c-751496dca301,Karnabahar,f,f,Karnabahar,"['""karnabahar""', '""cauliflower""', '""beyaz karnabahar""', '""taze karnabahar""']",t,f
ca21475d-d8af-4a70-b669-576da08d6802,Karpuz,f,f,Karpuz,"['""karpuz""', '""watermelon""', '""taze karpuz""']",t,f
d518ed61-9e72-45af-8335-853a6d2a554f,Kars Gravyeri,f,f,Kars Gravyeri,"['""kars gravyeri""', '""gruyere style kars cheese""']",t,f
0bb83d38-30ef-4a91-b444-1a0e8538d016,Kavrulmuş Fındık,f,f,Kavrulmuş Fındık,"['""kavrulmuş fındık""', '""roasted hazelnut""', '""kavrulmus findik""']",t,f
45b16501-37cc-4495-9091-48e66371847b,Kavun,f,f,Kavun,"['""kavun""', '""melon""', '""taze kavun""']",t,f
7fd9aed7-99ef-4a23-bf77-ddcea28d0f57,Kayısı,f,f,Kayısı,"['""kayısı""', '""apricot""', '""taze kayısı""', '""kayisi""']",t,f
34d2015a-a375-4ead-9908-06366cf529f7,Kaymak,f,f,Kaymak,"['""kaymak""', '""clotted cream""', '""taze kaymak""']",t,f
a67e97d7-837d-4acd-b09e-c1d1520e3133,Kaymaklık Krema,f,f,Kaymaklık Krema,"['""kaymaklık krema""', '""thick cream""', '""kaymaklik krema""']",t,f
f5985fd2-614f-4e1a-ba23-977246f34709,Keçi Peyniri,f,f,Keçi Peyniri,"['""keçi peyniri""', '""goat cheese""', '""keci peyniri""']",t,f
a04c5dd4-67fa-49d5-820e-e117bcaf0413,Keçiboynuzu Pekmezi,f,f,Keçiboynuzu Pekmezi,"['""keçiboynuzu pekmezi""', '""carob molasses""', '""keciboynuzu pekmezi""']",t,t
11ba2e29-4ddf-495c-89f2-f462588fa7d6,Kefal,f,f,Kefal,"['""kefal""', '""grey mullet""', '""taze kefal""']",t,f
311104cb-92a8-4e64-bb18-d22461effebe,Kekik,f,f,Kekik,"['""kekik""', '""thyme""', '""dried thyme""', '""taze kekik""']",t,t
e0ca00cc-387f-4ecd-88fe-bf60ea8bf2f9,Kereviz,f,f,Kereviz,"['""kereviz""', '""celery root""', '""celeriac""', '""taze kereviz""']",t,f
c2b0001f-3b10-438f-96e3-fb78ebc1cfe4,Kereviz Sapı,f,f,Kereviz Sapı,"['""kereviz sapi""', '""kereviz sapı""', '""celery stalk""']",t,t
38204f9b-5612-44fb-be2b-94e393654483,Keşkeklik Buğday,f,f,Keşkeklik Buğday,"['""keşkeklik buğday""', '""hulled wheat for keşkek""', '""keskeklik bugday""']",t,f
aeb7ebbe-a69e-4ee0-aeec-ed334b9490f4,Kiraz,f,f,Kiraz,"['""kiraz""', '""cherry""', '""tatlı kiraz""', '""taze kiraz""']",t,f
2265a5df-362a-4a6f-a9c3-e6ad35a511b2,Kırık Pirinç,f,f,Kırık Pirinç,"['""kırık pirinç""', '""broken rice""', '""kirik pirinc""']",t,f
7ec38a72-98a6-4990-a83e-a3e4009bacb1,Kırmızı Lahana,f,f,Kırmızı Lahana,"['""kırmızı lahana""', '""mor lahana""', '""red cabbage""', '""kirmizi lahana""']",t,f
107e3b40-e687-461f-91fd-993528c6dad5,Kırmızı Turp,f,f,Kırmızı Turp,"['""kırmızı turp""', '""red radish""', '""cherry belle radish""', '""kirmizi turp""']",t,f
b8bbaa84-40e8-42f1-a900-0b199a35dc49,Kişniş,f,f,Kişniş,"['""kişniş""', '""coriander""', '""kisnis""', '""taze kişniş""']",t,t
caf3cfb2-24ab-47d2-9490-58620cea08fb,Kornişon,f,f,Kornişon,"['""kornison""', '""kornişon""', '""gherkin""', '""küçük salatalık turşusu""', '""taze kornişon""']",t,f
e9d9307d-e59d-4476-ba30-eed7831a2e2a,Kültür Mantarı,f,f,Kültür Mantarı,"['""kultur mantari""', '""kültür mantarı""', '""button mushroom""']",t,f
78f85be6-e7fc-4526-b3a4-e7b9967a5e7b,Kuru İncir,f,f,Kuru İncir,"['""kuru incir""', '""dried fig""', '""kuru i̇ncir""']",t,f
65eff304-09e9-4715-9874-92107d9b26c9,Kuru Maya,f,f,Kuru Maya,"['""kuru maya""', '""instant yeast""', '""dry yeast""']",t,t
3785a97c-6efc-4184-84f4-c8329f2fca36,Kuru Nane,f,f,Kuru Nane,"['""kuru nane""', '""dried mint""']",t,t
68ff4c3a-61f6-4535-96d6-ef012abd3883,Kuru Üzüm,f,f,Kuru Üzüm,"['""kuru üzüm""', '""raisin""', '""üzüm kurusu""', '""kuru uzum""']",t,f
eaadef6b-c503-4724-aa35-96b983153748,Kurutulmuş Kekik,f,f,Kurutulmuş Kekik,"['""kurutulmuş kekik""', '""dried thyme""', '""kurutulmus kekik""']",t,t
af80ad07-16b7-4d42-8e4e-7f41a9bb4f1c,Kurutulmuş Nane,f,f,Kurutulmuş Nane,"['""kurutulmuş nane""', '""dried mint""', '""kurutulmus nane""']",t,t
6eee67df-55f9-4b61-a9a5-edb6cec23a64,Kuşkonmaz,f,f,Kuşkonmaz,"['""kuşkonmaz""', '""asparagus""', '""kuskonmaz""', '""taze kuşkonmaz""']",t,f
0982b621-fb31-4229-afac-6d8eb122ba0f,Kuskus,f,f,Kuskus,"['""kuskus""', '""couscous""', '""taze kuskus""']",t,f
79a2350e-953e-4ce4-8eba-287f8def9f77,Kuzu İncik,f,f,Kuzu İncik,"['""kuzu incik""', '""lamb shank""', '""kuzu i̇ncik""']",t,f
1d61ff85-f0a4-4a7b-a9ec-9fecb3fa9dfa,Kuzu Kıyma,f,f,Kuzu Kıyma,"['""kuzu kıyma""', '""ground lamb""', '""lamb mince""', '""kuzu kiyma""']",t,f
42e5e797-c517-45d8-8dc8-db58d4e3fc39,Kuzu Pirzola,f,f,Kuzu Pirzola,"['""kuzu pirzola""', '""lamb chops""', '""pirzola""']",t,f
6ad47e5e-954f-4bb0-9df2-1940a1ae800f,Labne,f,f,Labne,"['""labne""', '""labneh""', '""cream cheese style yogurt""', '""taze labne""']",t,f
9bdb632e-47de-4a32-8748-d86a94cff6c4,Lahana Yaprağı,f,f,Lahana Yaprağı,"['""lahana yaprağı""', '""cabbage leaves""', '""lahana yapragi""']",t,f
4aa734a0-82be-4946-95ac-eef167abfdb6,Lavaş,f,f,Lavaş,"['""lavaş""', '""lavash""', '""lavas""', '""taze lavaş""']",t,f
660ddae4-296f-4293-96f1-224b4d83e393,Lime,f,f,Lime,"['""lime""', '""misket limonu""', '""taze lime""']",t,f
8facfa99-285f-4063-b00c-81789afdc03b,Limon Kabuğu,f,f,Limon Kabuğu,"['""limon kabuğu""', '""lemon zest""', '""limon kabugu""']",t,t
018696ce-bcd1-458c-8348-aea949fee88c,Limon Tuzu,f,f,Limon Tuzu,"['""limon tuzu""', '""citric acid""']",t,t
1778aa45-3a3f-4a80-8b28-b96efe5a74e0,Lüfer,f,f,Lüfer,"['""lüfer""', '""bluefish""', '""lufer""', '""taze lüfer""']",t,f
c980ca7a-ebfa-410d-a24e-e414c87a14d3,Mahlep,f,f,Mahlep,"['""mahlep""', '""mahleb""', '""taze mahlep""']",t,t
2bfd4228-d067-4ff1-8cf9-88472cd3c0fe,Mandalina,f,f,Mandalina,"['""mandalina""', '""tangerine""', '""clementine""', '""taze mandalina""']",t,f
8af534a4-f829-4dd8-bb4d-a14e4a8336ce,Mantar,f,f,Mantar,"['""mantar""', '""mushroom""', '""kültür mantarı""', '""taze mantar""']",t,f
f79bfba4-6557-4477-bc53-37a553b95aeb,Maya,f,f,Maya,"['""maya""', '""yeast""', '""taze maya""']",t,t
6108c1df-ac67-41c9-90ea-a327ac628e78,Mezgit,f,f,Mezgit,"['""mezgit""', '""whiting""', '""taze mezgit""']",t,f
d64100ca-3696-4d97-a1de-f6685f85b5a0,Midye,f,f,Midye,"['""midye""', '""mussel""', '""taze midye""']",t,f
97bb2204-234d-4827-9328-3fa77dd7a6ad,Mihaliç Peyniri,f,f,Mihaliç Peyniri,"['""mihaliç peyniri""', '""manyas kelle""', '""mihalic peyniri""']",t,f
21d49dd3-9991-4926-8afc-624e7d06a25c,Mısır Nişastası,f,f,Mısır Nişastası,"['""mısır nişastası""', '""corn starch""', '""cornstarch""', '""misir nisastasi""']",t,f
e9088138-6d0a-4b60-a45a-65387e815ce4,Mısır Unu,f,f,Mısır Unu,"['""mısır unu""', '""corn flour""', '""cornmeal""', '""misir unu""']",t,f
9d8d83fd-5aa1-4661-a4f4-3b2143fabf69,Mısır Yarması,f,f,Mısır Yarması,"['""mısır yarması""', '""coarse corn grits""', '""misir yarmasi""']",t,f
d236b897-b831-4e7f-98b5-5d42afc507d6,Muskat,f,f,Muskat,"['""muskat""', '""nutmeg""', '""taze muskat""']",t,t
a314b55e-ef45-485b-bdb3-9a69b9bd62da,Nar,f,f,Nar,"['""nar""', '""pomegranate""', '""taze nar""']",t,f
ba8306d4-cf20-43d9-beef-8e9ba93eedc3,Nar Ekşisi,f,f,Nar Ekşisi,"['""nar ekşisi""', '""pomegranate molasses""', '""nar eksisi""']",t,t
160df637-4def-42ba-8590-fbe16188cf57,Nişasta,f,f,Nişasta,"['""nişasta""', '""starch""', '""nisasta""', '""taze nişasta""']",t,f
4e377cab-661e-4a25-8c94-43c328e6dca1,Ördek Yumurtası,f,f,Ördek Yumurtası,"['""ördek yumurtası""', '""duck egg""', '""ordek yumurtasi""']",t,f
6cab1d51-dd55-4e19-b196-0f5ac9884826,Osmancık Pirinç,f,f,Osmancık Pirinç,"['""osmancık pirinç""', '""osmancik rice""', '""osmancik pirinc""']",t,f
b8c7e97e-3336-4bd9-a49a-7de8f290d11d,Paça,f,f,Paça,"['""paça""', '""trotter meat""', '""paca""', '""taze paça""']",t,f
ca3b1ec4-c30c-4031-bbaa-d69fef46a98c,Palamut,f,f,Palamut,"['""palamut""', '""bonito""', '""taze palamut""']",t,f
7efb8124-685c-47b6-a0cc-abfbff03c5ec,Pancar,f,f,Pancar,"['""pancar""', '""beetroot""', '""kırmızı pancar""', '""taze pancar""']",t,f
d3558644-9a09-48d6-86b7-3e781ab94b6d,Pastırma,f,f,Pastırma,"['""pastirma""', '""pastırma""', '""cured beef""', '""taze pastırma""']",t,f
3b0fff54-2a2d-4052-9b1b-96fc45c37535,Pazı,f,f,Pazı,"['""pazi""', '""pazı""', '""chard""', '""yaprak pazı""', '""taze pazı""']",t,f
ff08d8d4-aaaf-4e1f-b7a5-0fa30cd5b05b,Pekmez,f,f,Pekmez,"['""pekmez""', '""molasses""', '""taze pekmez""']",t,t
4e161805-aaf4-4807-8236-4165314a5788,Pide,f,f,Pide,"['""pide""', '""turkish flatbread""', '""ramazan pidesi""', '""taze pide""']",t,f
567d45f8-4de6-4478-9d09-34791915f658,Pilavlık Bulgur,f,f,Pilavlık Bulgur,"['""pilavlık bulgur""', '""coarse bulgur""', '""iri bulgur""', '""pilavlik bulgur""']",t,f
e559f5b1-c9cd-4d6a-ae24-1a616709488f,Pırasa,f,f,Pırasa,"['""pirasa""', '""pırasa""', '""leek""', '""taze pırasa""']",t,f
3db0fe82-23b9-4235-8af3-7ffb414082ae,Pirinç Unu,f,f,Pirinç Unu,"['""pirinç unu""', '""rice flour""', '""pirinc unu""']",t,f
a340534c-9acd-4ec5-80d1-fa7356a769a3,Poğaça,f,f,Poğaça,"['""poğaça""', '""pogaca""', '""savory pastry""', '""taze poğaça""']",t,f
65453bdb-5671-45b3-91b1-68fd3203b6f5,Portakal Çiçeği Suyu,f,f,Portakal Çiçeği Suyu,"['""portakal çiçeği suyu""', '""orange blossom water""', '""portakal cicegi suyu""']",t,t
18b9c753-7f4b-49a4-9c74-047daa74ff9f,Portakal Kabuğu,f,f,Portakal Kabuğu,"['""portakal kabuğu""', '""orange zest""', '""portakal kabugu""']",t,t
6b848c1b-5b72-43cc-96e6-9d81aea4a848,Pudra Şekeri,f,f,Pudra Şekeri,"['""pudra şekeri""', '""powdered sugar""', '""icing sugar""', '""pudra sekeri""']",t,t
d7367ac1-f8f8-4f53-bb22-b312d3c61789,Ramazan Pidesi,f,f,Ramazan Pidesi,"['""ramazan pidesi""', '""iftar pidesi""']",t,f
05205fab-d155-41e9-af18-ad00eb52b8a9,Rezene,f,f,Rezene,"['""rezene""', '""fennel""', '""taze rezene""']",t,t
fbc6d95c-8554-454c-bc17-0028529d2e09,Safran,f,f,Safran,"['""safran""', '""saffron""', '""taze safran""']",t,t
fab8d290-f0d2-44b6-af1f-c72a4b7f4dfc,Sakatat,f,f,Sakatat,"['""sakatat""', '""offal""', '""taze sakatat""']",t,f
97a4c96b-13be-4b3b-b9ec-3f3872257ecf,Salatalık Turşusu,f,f,Salatalık Turşusu,"['""salatalık turşusu""', '""pickled cucumber""', '""turşuluk salatalık""', '""salatalik tursusu""']",t,f
7d04b1ad-1648-4165-904d-f3cb2a3b35e1,Salep,f,f,Salep,"['""salep""', '""orchid drink powder""', '""taze salep""']",t,t
ba23e956-7ea6-4725-8962-2b4d8c5d5258,Şalgam,f,f,Şalgam,"['""şalgam""', '""turnip""', '""mor şalgam""', '""salgam""', '""taze şalgam""']",t,f
e031f5cf-aa13-4514-99cc-e40fb3c19d7a,Şalgam Suyu,f,f,Şalgam Suyu,"['""şalgam suyu""', '""turnip juice drink""', '""salgam suyu""']",t,f
1bd2ded5-f818-4fbc-9b9a-b5f194bab834,Sarı Mercimek,f,f,Sarı Mercimek,"['""sarı mercimek""', '""yellow lentils""', '""yellow lentil""', '""sari mercimek""']",t,f
7eb5b21b-fa17-4830-a4f1-b2aa2f62d68a,Semizotu,f,f,Semizotu,"['""semizotu""', '""purslane""', '""taze semizotu""']",t,f
d9d1d797-893c-486e-a0b4-82f77933d07f,Şerbet,f,f,Şerbet,"['""şerbet""', '""simple syrup""', '""serbet""', '""taze şerbet""']",t,t
071ca0b7-8854-46d7-8505-799aa3a10f9b,Simit,f,f,Simit,"['""simit""', '""turkish bagel""', '""taze simit""']",t,f
be206662-479c-4b85-a4e0-3b2db9b7c306,Sirke,f,f,Sirke,"['""sirke""', '""vinegar""', '""taze sirke""']",t,t
f66dce92-70a6-4cc8-a12e-8891cdcf3402,Sivri Biber,f,f,Sivri Biber,"['""sivri biber""', '""uzun yeşil biber""', '""acı sivri biber""']",t,f
f18f7bce-6b8f-4647-97fe-48add1bfff8e,Siyah Susam,f,f,Siyah Susam,"['""siyah susam""', '""black sesame""']",t,t
affa4389-7cfb-4de6-b3e5-66c97f78cf47,Sucuk,f,f,Sucuk,"['""sucuk""', '""turkish sausage""', '""fermente sucuk""', '""taze sucuk""']",t,f
29f6d894-da5c-42bb-b47f-1958ea378b11,Sumak,f,f,Sumak,"['""sumak""', '""sumac""', '""taze sumak""']",t,t
ae35a958-544a-4729-a39d-98d90c68cb42,Süt Kreması,f,f,Süt Kreması,"['""süt kreması""', '""milk cream""', '""sut kremasi""']",t,f
c2c92b8f-6332-4dbd-b40f-871d3168023d,Tane Karabiber,f,f,Tane Karabiber,"['""tane karabiber""', '""whole black pepper""']",t,t
542580f9-295d-4bc1-ba47-fc50fe8dbf57,Tarhana,f,f,Tarhana,"['""tarhana""', '""fermented soup mix""', '""toz tarhana""', '""taze tarhana""']",t,f
2c1f71e8-c513-4bf2-b2e2-e3a6aed01cfd,Tarhun,f,f,Tarhun,"['""tarhun""', '""tarragon""', '""taze tarhun""']",t,t
6609002c-6deb-4481-aa3f-36ee504cd4fc,Tatlı Kırmızı Toz Biber,f,f,Tatlı Kırmızı Toz Biber,"['""tatlı kırmızı toz biber""', '""sweet paprika""', '""paprika""', '""tatli kirmizi toz biber""']",t,t
e9ad8c69-0314-41bd-897e-7dd78cfa7cd5,Tavuk Ciğeri,f,f,Tavuk Ciğeri,"['""tavuk ciğeri""', '""chicken liver""', '""tavuk cigeri""']",t,f
bca6ccc6-a2e0-4970-abec-8e8fe54136cc,Tavuk Kalça,f,f,Tavuk Kalça,"['""tavuk kalça""', '""chicken thigh""', '""tavuk kalca""']",t,f
1ed129f8-04a1-40d0-a569-3cef924b5e52,Tavuk Kanat,f,f,Tavuk Kanat,"['""tavuk kanat""', '""chicken wings""']",t,f
6f052dcc-23c7-4059-a48b-f9f2bb2a7ef0,Taze Börülce,f,f,Taze Börülce,"['""taze börülce""', '""fresh black-eyed peas""', '""taze borulce""']",t,f
17c25be3-47e9-4631-a795-5584ba7e9dee,Taze Fasulye,f,f,Taze Fasulye,"['""taze fasulye""', '""green beans""', '""çalı fasulyesi""']",t,f
cdd0b532-2220-46e5-aeb2-2f9cac98c17c,Taze Sarımsak,f,f,Taze Sarımsak,"['""taze sarimsak""', '""taze sarımsak""', '""green garlic""']",t,t
83a8dbac-b740-40f9-8af6-c2ff2bbf3f63,Taze Soğan,f,f,Taze Soğan,"['""taze soğan""', '""scallion""', '""yeşil soğan""', '""spring onion""', '""taze sogan""']",t,t
9945f56c-5d43-4362-a8b8-39c5b505b08e,Tel Kadayıf,f,f,Tel Kadayıf,"['""tel kadayıf""', '""fine kadayıf""', '""tel kadayif""']",t,f
418a7fe5-420e-4078-8981-f71ecd729f7c,Tel Şehriye,f,f,Tel Şehriye,"['""tel şehriye""', '""vermicelli""', '""şehriye""', '""tel sehriye""']",t,f
356c7e7b-2f87-4624-9f67-359ed7b49e14,Toz Şeker,f,f,Toz Şeker,"['""toz şeker""', '""granulated sugar""', '""şeker""', '""toz seker""']",t,t
0ffd5b40-54fd-48c0-994c-c7f17722110c,Turp,f,f,Turp,"['""turp""', '""radish""', '""beyaz turp""', '""taze turp""']",t,f
bdac8611-dad0-45a2-b54a-c5db4470020d,Uskumru,f,f,Uskumru,"['""uskumru""', '""mackerel""', '""taze uskumru""']",t,f
df004d28-219a-4df4-8bd5-f957eda475ed,Üzüm Pekmezi,f,f,Üzüm Pekmezi,"['""üzüm pekmezi""', '""grape molasses""', '""uzum pekmezi""']",t,t
2eff9ba9-5110-402d-9cf5-1ccb495dcffd,Üzüm Sirkesi,f,f,Üzüm Sirkesi,"['""üzüm sirkesi""', '""grape vinegar""', '""uzum sirkesi""']",t,t
b78e1c05-a1b9-4dc3-9a93-9ff258747629,Vanilya,f,f,Vanilya,"['""vanilya""', '""vanilla""', '""taze vanilya""']",t,t
e14a857f-6c5d-425a-bf63-0dde277409db,Vişne,f,f,Vişne,"['""vişne""', '""sour cherry""', '""visne""', '""taze vişne""']",t,f
7581836d-d070-4c09-8a46-e6472a8b92be,Yarma,f,f,Yarma,"['""yarma""', '""yarma buğday""', '""cracked wheat""', '""taze yarma""']",t,f
06b4f72c-abe7-4e1a-8eda-4dc537e54a24,Yaş Maya,f,f,Yaş Maya,"['""yaş maya""', '""fresh yeast""', '""yas maya""']",t,t
644df520-25e3-4a55-8f8b-c32d5b3e9e5a,Yeni Dünya,f,f,Yeni Dünya,"['""yenidünya""', '""malta eriği""', '""loquat""', '""yeni dünya""', '""yeni dunya""']",t,f
d2bb275f-0319-4645-9a8a-dbe07b88fc2a,Yenibahar,f,f,Yenibahar,"['""yenibahar""', '""allspice""', '""taze yenibahar""']",t,t
838b7959-a648-4059-a105-a1aba8cb447c,Yer Elması,f,f,Yer Elması,"['""yer elması""', '""jerusalem artichoke""', '""yer elmasi""']",t,f
62b2de1d-5e46-470e-a400-40349db438a7,Yer Fıstığı,f,f,Yer Fıstığı,"['""yer fıstığı""', '""peanut""', '""yer fistigi""']",t,f
285b4d21-eef8-452c-b99b-1c7a306898c2,Yeşil Biber,f,f,Yeşil Biber,"['""yesil biber""', '""green pepper""', '""tatlı yeşil biber""', '""ince biber""', '""yeşil biber""']",t,f
4d13a33a-a5b4-4763-bc7e-047d8bb53538,Yeşil Mercimek,f,f,Yeşil Mercimek,"['""yeşil mercimek""', '""green lentils""', '""green lentil""', '""yesil mercimek""']",t,f
792cf986-9ae9-4c85-9262-056308876838,Yufka,f,f,Yufka,"['""yufka""', '""phyllo sheet""', '""thin flatbread""', '""taze yufka""']",t,f
75fb87e9-c409-45e5-8d5c-b01ebb4921f1,Zencefil,f,f,Zencefil,"['""zencefil""', '""ginger""', '""taze zencefil""']",t,t
