Id,Name,IsMandatory,IsProhibited,CanonicalName,Aliases,IsActive,IsCondiment
2a0be04b-f7ad-40e1-bd30-af3eccdc10d3,S�t,f,f,S�t,[],t,f
80ddf5f6-1688-4690-a1c5-8cb353ed4a06,Yo�urt,f,f,Yo�urt,[],t,f
9a9086a3-cbe3-45cb-85fc-1152e2c4f132,Zeytinya��,f,f,Zeytinya��,[],t,f
bcf640de-7b34-4e57-83d5-b2dd596c4323,Tavuk,f,f,Tavuk,[],t,f
e17d5b17-4d42-4196-b4f0-3c82c23e2525,Yulaf,f,f,Yulaf,[],t,f
214b3097-5846-41d1-8ef7-ba16a9d86b78,Acı Biber Salçası,f,f,Acı Biber Salçası,"[""acı biber salçası"", ""hot pepper paste"", ""aci biber salcasi""]",t,t
4d4b69f8-ee5b-4ada-a9d3-a3ec5e05eef1,Yumurta,f,f,Yumurta,"[""tavuk yumurtası"", ""büyük yumurta"", ""organik yumurta""]",t,f
593063f6-7a3d-43c5-96f4-8277b13dd725,Muz,f,f,Muz,"[""olgun muz"", ""yeşil muz""]",t,f
1d1e6ccf-1c7b-4e7f-b750-7513d8972936,Acı Sivri Biber,f,f,Acı Sivri Biber,"[""acı sivri biber"", ""hot green pepper"", ""acı biber"", ""aci sivri biber""]",t,f
dabed082-4d73-4128-94da-ee1fb1f9d1dc,Domates,f,f,Domates,"[""cherry domates"", ""salkım domates"", ""konserve domates""]",t,f
00cc5a9b-8460-4c0c-89ad-4ec468e06d40,Patlıcan,f,f,Patlıcan,"[""kemer patlıcanı"", ""çarliston patlıcanı""]",t,f
02408150-f4ff-4c0d-b09e-f7793f498e32,Tavuk Göğsü,f,f,Tavuk Göğsü,"[""haşlanmış tavuk"", ""ızgara tavuk göğsü"", ""tavuk fileto""]",t,f
0356b1f4-da25-4916-82b2-067411f1cd87,Kapya Biber,f,f,Kapya Biber,"[""kırmızı biber"", ""dolmalık biber""]",t,f
0385948b-ecfa-44b1-a7a6-6a87e830112b,Laktozsuz Yoğurt,f,f,Laktozsuz Yoğurt,"[""laktozsuz yogurt"", ""laktoz-free yoğurt""]",t,f
05216906-518c-4ca1-83db-06617737785a,Çipura,f,f,Çipura,"[""sea bream"", ""taze çipura""]",t,f
05416994-3afa-4949-bda6-6877542fafb4,Ton Balığı,f,f,Ton Balığı,"[""konserve ton balığı"", ""su da ton balığı"", ""sıvı yağda ton""]",t,f
06931627-3735-4d36-9db7-875f18634a9b,Kahve,f,f,Kahve,"[""türk kahvesi"", ""filtre kahve"", ""espresso""]",t,f
4777b4f6-e057-41c7-ba89-1dee2d441ce0,Acı Sos,f,f,Acı Sos,"[""acı sos"", ""hot sauce"", ""chili sauce"", ""aci sos""]",t,t
0cb0482a-015b-400c-9179-ecbc21f478e2,Badem Sütü,f,f,Badem Sütü,"[""badem milk"", ""unsweetened badem sütü""]",t,f
0d5163e9-e3ee-4e4e-bd65-e7d5eb3494a0,Beyaz Peynir,f,f,Beyaz Peynir,"[""feta peyniri"", ""tuzsuz beyaz peynir"", ""inek peyniri""]",t,f
0eaa5036-76b7-422c-9440-a78b267b8a55,Mozzarella,f,f,Mozzarella,"[""mozzarella peyniri"", ""taze mozzarella""]",t,f
0f23fc66-48de-405f-9f9f-2121e959a952,Armut,f,f,Armut,"[""sarı armut"", ""deveci armudu""]",t,f
101c7e25-8d5c-47e5-8b02-9ef2d4ba48b6,Cottage Cheese,f,f,Cottage Cheese,"[""lor peyniri"", ""süzme lor""]",t,f
188dbc7c-8b68-403a-88b5-076e6d1968a8,Kabak,f,f,Kabak,"[""yeşil kabak"", ""sakız kabağı"", ""zucchini""]",t,f
1ae0b784-572f-4a74-8d08-2f21a09524b5,Tahini,f,f,Tahini,"[""susam ezmesi"", ""beyaz tahin""]",t,f
1b2a0bdc-5e8d-4d11-87e7-2c4cf6fbf859,Keten Tohumu,f,f,Keten Tohumu,"[""flaxseed"", ""öğütülmüş keten""]",t,f
1d5808bf-146e-430a-bb47-a1f7a9957c1a,Çilek,f,f,Çilek,"[""taze çilek"", ""organik çilek""]",t,f
1e1b89f3-0b31-44e6-9e31-510b9a06cb78,Şeftali,f,f,Şeftali,"[""olgun şeftali"", ""beyaz şeftali""]",t,f
239ebc0a-d1b5-4074-be7a-e901492d246b,Beyaz Ekmek,f,f,Beyaz Ekmek,"[""ekmek"", ""francala"", ""sandviç ekmeği""]",t,f
23bb41d0-9bff-4f45-a1f2-82af7c64ae0e,Fındık,f,f,Fındık,"[""iç fındık"", ""kavrulmuş fındık""]",t,f
29a87c93-3599-4421-9cad-219857a759f6,Ayçiçeği Çekirdeği,f,f,Ayçiçeği Çekirdeği,"[""sunflower seeds"", ""çiğlem""]",t,f
ab852f32-78fb-49fd-b8e4-6d244688adaf,Acı Toz Biber,f,f,Acı Toz Biber,"[""acı toz biber"", ""hot paprika"", ""aleppo pepper"", ""aci toz biber""]",t,t
39ecd883-60d2-49e3-9349-52c7e37953de,Fasulye,f,f,Fasulye,"[""beyaz fasulye"", ""kuru fasulye"", ""pinto fasulye""]",t,f
3cdcc478-be97-4b83-9b74-065908373ec3,Hindistan Cevizi Yağı,f,f,Hindistan Cevizi Yağı,"[""coconut oil"", ""soğuk sıkım hindistan yağı""]",t,f
42e07df2-1177-4c96-85ee-f05569551848,Susam,f,f,Susam,"[""beyaz susam"", ""susam tohumu""]",t,f
469ed2da-795d-4bc4-a55a-c7d90e415c60,Brokoli,f,f,Brokoli,"[""taze brokoli"", ""dondurulmuş brokoli""]",t,f
4b839a14-7087-47cf-91e6-3a2d66d5c7ee,Yoğurt,f,f,Yoğurt,"[""yogurt"", ""süt yoğurdu""]",t,f
4db65ffb-eca0-40e1-a221-cc19f21c0a4e,Bezelye,f,f,Bezelye,"[""yeşil bezelye"", ""dondurulmuş bezelye"", ""taze bezelye""]",t,f
50f1616b-84fe-4e9c-9f8b-123062153920,Laktozsuz Süt,f,f,Laktozsuz Süt,"[""laktozsuz inek sütü"", ""laktoz-free süt""]",t,f
535e01d4-e726-4414-8830-07ce3185ee3b,Kinoa,f,f,Kinoa,"[""quinoa"", ""quinoa taneleri""]",t,f
54d48273-8473-4aef-98cf-6cce4a088ace,Hamsi,f,f,Hamsi,"[""taze hamsi"", ""hamsikoli""]",t,f
56fd23e9-e4d0-43fe-9879-ef1d9eb88eda,Nohut,f,f,Nohut,"[""haşlanmış nohut"", ""konserve nohut"", ""kuru nohut""]",t,f
570c2962-4b06-4097-8036-407b191f4848,Süt,f,f,Süt,"[""inek sütü"", ""tam yağlı süt"", ""yarım yağlı süt""]",t,f
587d052d-5ed5-4174-b9b0-9db290676f99,Levrek,f,f,Levrek,"[""sea bass"", ""çipura levrek""]",t,f
5b31832e-c962-4959-8366-0d823846942f,Elma,f,f,Elma,"[""kırmızı elma"", ""yeşil elma"", ""granny smith""]",t,f
5c9e9e8e-7969-4c4d-a0c2-a06893cdadcc,Portakal,f,f,Portakal,"[""kan portakalı"", ""navel portakal""]",t,f
cc4b8e59-f41d-44b7-b2ec-6d4a2bdfc569,Adaçayı,f,f,Adaçayı,"[""adaçayı"", ""sage"", ""adacayi"", ""taze adaçayı""]",t,t
5dd13ea7-efdf-47db-a622-863d76173ade,Hindi Göğsü,f,f,Hindi Göğsü,"[""hindi fileto"", ""ızgara hindi""]",t,f
600d7dae-1651-4144-95cd-736c0528ceda,Patates,f,f,Patates,"[""sarı patates"", ""tatlı patates"", ""kumpir patatesi""]",t,f
63e390b7-86e3-474c-b8d6-78b4a7c42add,Yer Fıstığı Ezmesi,f,f,Yer Fıstığı Ezmesi,"[""peanut butter"", ""fıstık ezmesi""]",t,f
64cd2040-58b2-4902-9e05-c7a80be552f6,Edamame,f,f,Edamame,"[""soya fasulyesi"", ""haşlanmış edamame""]",t,f
67553071-9e7f-46f0-a245-2d3cfc6737f0,Soya Sütü,f,f,Soya Sütü,"[""soy milk"", ""soya bazlı süt""]",t,f
6a19004e-24f4-422b-ad93-2ea65510688e,Barbunya,f,f,Barbunya,"[""pinto fasulyesi"", ""barbunya pilaki""]",t,f
6cd49310-aace-4480-825f-813e16fe1f39,Kivi,f,f,Kivi,"[""taze kivi"", ""yeşil kivi""]",t,f
7328fa64-5f57-41b1-aeb0-c656f5a8fbb3,Makarna,f,f,Makarna,"[""spagetti"", ""penne"", ""fusilli"", ""rigatoni""]",t,f
79d41df7-c85b-4298-88c9-3c98eed77a0e,Tarçın,f,f,Tarçın,"[""çubuk tarçın"", ""toz tarçın"", ""cinnamon""]",t,f
7b22f7e8-658a-433c-b41f-bb4f04fe903c,Ceviz,f,f,Ceviz,"[""taze ceviz"", ""iç ceviz""]",t,f
7e0e800d-63a3-464d-bccf-38813625795d,Salatalık,f,f,Salatalık,"[""taze salatalık"", ""turşu salatalık""]",t,f
81bd61ae-7fb0-47ad-862f-a7ef6e51bc71,Arpa,f,f,Arpa,"[""arpa taneleri"", ""barley""]",t,f
839f7542-aec7-4fcc-8a59-461f0f70fee3,Kuzu Eti,f,f,Kuzu Eti,"[""kuzu pirzola"", ""kuzu kol"", ""kuzu kıyma""]",t,f
883aee77-e33d-4782-99b7-51f823915526,Pita Ekmeği,f,f,Pita Ekmeği,"[""pide ekmeği"", ""lavaş"", ""yufka""]",t,f
8a8679d4-1172-4b68-be3f-f237ab76331f,Çavdar Ekmeği,f,f,Çavdar Ekmeği,"[""rye bread"", ""siyah ekmek""]",t,f
911fe888-ab40-40a6-9eb8-13b94d90f76a,Yeşil Çay,f,f,Yeşil Çay,"[""green tea"", ""matcha çayı""]",t,f
47a3246a-a468-4e9e-864b-b3320c4957bd,Tuz,f,f,Tuz,"[""kaya tuzu"", ""deniz tuzu"", ""iyotlu tuz""]",t,t
796cd233-2e9b-4ab5-a13d-ba18a2e5ff9d,Karabiber,f,f,Karabiber,"[""taze öğütülmüş biber"", ""siyah biber""]",t,t
438d7fb8-aafd-4745-9cc3-65c6e384050f,Nane,f,f,Nane,"[""taze nane"", ""kurutulmuş nane""]",t,t
936e9acc-9a1f-4501-b667-f6ac6804909b,Kaşar Peyniri,f,f,Kaşar Peyniri,"[""eski kaşar"", ""taze kaşar"", ""kaşar""]",t,f
95f379e8-e45b-403b-8f85-3af57e6469cc,Bıldırcın Yumurtası,f,f,Bıldırcın Yumurtası,"[""bıldırcın yumurtaları""]",t,f
99960799-6868-4027-85b9-457bb175fbfd,Dana Kıyma,f,f,Dana Kıyma,"[""yağlı kıyma"", ""kıyma"", ""yağsız dana kıyma""]",t,f
a0313c03-383c-4f8d-a425-460ab8a5c990,Ahtapot,f,f,Ahtapot,"[""ahtapot"", ""octopus"", ""taze ahtapot""]",t,f
9d277685-adaf-4415-a4ef-7b0b8f4fb6c8,Tam Buğday Makarnası,f,f,Tam Buğday Makarnası,"[""whole wheat pasta"", ""tam tahıl makarna""]",t,f
9e65a94d-6f55-4c53-b6e2-77130745e031,Süzme Yoğurt,f,f,Süzme Yoğurt,"[""süzme yogurt"", ""krem yoğurt"", ""koyun yoğurdu""]",t,f
646785fd-8f20-41a2-a244-a787ebcbd05e,Ahududu,f,f,Ahududu,"[""ahududu"", ""raspberry"", ""frambuaz"", ""taze ahududu""]",t,f
ac3390a3-1a48-4a2c-97db-83d31d2a93c7,Üzüm,f,f,Üzüm,"[""kırmızı üzüm"", ""yeşil üzüm"", ""çekirdeksiz üzüm""]",t,f
ae301e15-ed3e-4c02-b944-518765afbebf,Meyveli Yoğurt,f,f,Meyveli Yoğurt,"[""meyveli yogurt"", ""aromalı yoğurt"", ""çilekli yoğurt""]",t,f
b267fd2c-6fb1-4f15-a488-c15f3e8ac8d1,Pirinç,f,f,Pirinç,"[""beyaz pirinç"", ""uzun taneli pirinç"", ""jasmine pirinç""]",t,f
b2887109-8b12-47fd-bd7b-265c8f11ba53,Siyah Çay,f,f,Siyah Çay,"[""demlenmiş çay"", ""çay""]",t,f
b50c3dc8-2d4d-4bdb-92a6-7722f675660c,Tavuk But,f,f,Tavuk But,"[""tavuk bacağı"", ""bütçe bud""]",t,f
b621d391-a2ff-4949-811e-fc8403a57d1e,Protein Tozu,f,f,Protein Tozu,"[""whey protein"", ""whey"", ""çikolatalı protein tozu""]",t,f
b6ad1e13-216f-40f2-b8ff-605aabb79153,Badem,f,f,Badem,"[""çiğ badem"", ""kavrulmuş badem"", ""tuzlu badem""]",t,f
bf844426-1add-437f-b728-312b65e6c48c,Ricotta,f,f,Ricotta,"[""ricotta peyniri""]",t,f
c41a4718-ee76-4a17-a862-778b525aff88,Mercimek,f,f,Mercimek,"[""kırmızı mercimek"", ""yeşil mercimek"", ""sarı mercimek""]",t,f
c51da8bf-96a4-44fb-b47e-7161875c7cc6,Chia Tohumu,f,f,Chia Tohumu,"[""chia seeds"", ""chia""]",t,f
c5b71ba7-a16f-4d93-9479-be369ecca21f,Sardalya,f,f,Sardalya,"[""konserve sardalya"", ""taze sardalya""]",t,f
c97cd485-eeae-4de9-8447-6f00d9a107c8,Bulgur,f,f,Bulgur,"[""bulgur pilavı"", ""büyük bulgur"", ""köfte bulguru""]",t,f
d3473768-6ad4-4e77-bd83-5d50b41a9f8a,Havuç,f,f,Havuç,"[""taze havuç"", ""organik havuç"", ""bebek havuç""]",t,f
4afc7549-a5a5-42f5-a838-0ab634bc9c5b,Alabalık,f,f,Alabalık,"[""alabalık"", ""trout"", ""alabalik"", ""taze alabalık""]",t,f
d4541134-784a-4710-a1e8-6718deca7124,Tereyağı,f,f,Tereyağı,"[""taze tereyağı"", ""tuzsuz tereyağı"", ""salted butter""]",t,f
d58364fc-e8b6-4c16-9ef4-bee17a297591,Yulaf Sütü,f,f,Yulaf Sütü,"[""oat milk"", ""yulaf bazlı süt""]",t,f
dd658b47-9314-4372-826c-aa00aba3eaa5,Su,f,f,Su,"[""maden suyu"", ""soda""]",t,f
df57c33b-ad12-4edd-b30a-526a6b5069e1,Esmer Pirinç,f,f,Esmer Pirinç,"[""tam tahıl pirinç"", ""brown rice""]",t,f
e00612d0-867b-494f-a71d-f37c78229291,Ispanak,f,f,Ispanak,"[""taze ıspanak"", ""bebek ıspanak"", ""dondurulmuş ıspanak""]",t,f
e2653cd5-1e76-4bc3-9bba-0d326188848c,Yulaf Ezmesi,f,f,Yulaf Ezmesi,"[""yulaf"", ""oat"", ""rolled oats"", ""instant oatmeal""]",t,f
e3a2e89d-a65e-4c62-b8c2-170a3e721a7e,Kırmızı Biber,f,f,Kırmızı Biber,"[""pul biber"", ""acı biber"", ""tatlı kırmızı biber tozu""]",t,f
eaf90383-29da-45a1-919e-4b2738db722f,Kaju,f,f,Kaju,"[""çiğ kaju"", ""tuzlu kaju""]",t,f
ecd17cf8-e0aa-460e-8bd9-f9fc8f32e04f,Mısır,f,f,Mısır,"[""tatlı mısır"", ""konserve mısır"", ""dondurulmuş mısır""]",t,f
f0e51456-9403-46f8-9654-64109c592d67,Hindistan Cevizi Sütü,f,f,Hindistan Cevizi Sütü,"[""coconut milk"", ""hindistan cevizi kremi""]",t,f
f4adf89c-f30b-4fb9-ac43-a2ea2e60d65a,Dana Eti,f,f,Dana Eti,"[""bonfile"", ""biftek"", ""kuşbaşı dana""]",t,f
f679a0cd-7f1b-49d2-b3bd-3c37c8e8fa1b,Tam Buğday Ekmeği,f,f,Tam Buğday Ekmeği,"[""tam tahıl ekmek"", ""esmer ekmek"", ""kepekli ekmek""]",t,f
fa6a5ed9-3b48-408a-a9df-6e3aff5b54cd,Somon,f,f,Somon,"[""taze somon"", ""dondurulmuş somon"", ""atlantik somonu""]",t,f
316dd35b-3b55-41e1-9b94-9eab6b0fdcd8,Zeytin,f,f,Zeytin,"[""siyah zeytin"", ""yeşil zeytin"", ""sofralık zeytin""]",t,f
846a68ee-3854-497c-8dcf-eca45a557467,Marul,f,f,Marul,"[""yeşil marul"", ""kıvırcık marul"", ""iceberg marul""]",t,f
5879dcd5-b6ee-4bca-b512-fce4b96ae959,Ananas,f,f,Ananas,"[""ananas"", ""pineapple"", ""taze ananas""]",t,f
ee000001-0000-0000-0000-000000000000,Yoğurt,f,f,Yoğurt,"[""yogurt"", ""yoğurt"", ""yoghurt"", ""plain yogurt"", ""sade yoğurt""]",t,f
ee000002-0000-0000-0000-000000000000,Süzme Yoğurt,f,f,Süzme Yoğurt,"[""suzme yogurt"", ""suzme yoğurt"", ""greek yogurt"", ""labne"", ""thick yogurt"", ""koyu yoğurt"", ""süzme yogurt""]",t,f
ee000003-0000-0000-0000-000000000000,Kefir,f,f,Kefir,"[""kefir"", ""kefir sütü"", ""kefer""]",t,f
ee000004-0000-0000-0000-000000000000,Süt,f,f,Süt,"[""sut"", ""süt"", ""milk"", ""tam yağlı süt"", ""inek sütü""]",t,f
ee000005-0000-0000-0000-000000000000,Lor Peyniri,f,f,Lor Peyniri,"[""lor"", ""lor peynir"", ""ricotta"", ""taze peynir"", ""çökelek""]",t,f
ee000006-0000-0000-0000-000000000000,Beyaz Peynir,f,f,Beyaz Peynir,"[""beyaz peynir"", ""taze beyaz peynir"", ""feta"", ""tulum benzeri""]",t,f
ee000007-0000-0000-0000-000000000000,Kaşar Peyniri,f,f,Kaşar Peyniri,"[""kaşar"", ""kasar"", ""kaşar peynir"", ""sarı peynir"", ""dilimli peynir""]",t,f
ee000008-0000-0000-0000-000000000000,Tulum Peyniri,f,f,Tulum Peyniri,"[""tulum"", ""tulum peynir"", ""koyun peyniri""]",t,f
ee000009-0000-0000-0000-000000000000,Tereyağı,f,f,Tereyağı,"[""tereyagi"", ""tereyağı"", ""butter"", ""margarin"", ""yağ""]",t,f
ee00000a-0000-0000-0000-000000000000,Krema,f,f,Krema,"[""krema"", ""çiğ krema"", ""whipping cream"", ""heavy cream""]",t,f
ee00000b-0000-0000-0000-000000000000,Domates,f,f,Domates,"[""domates"", ""tomato"", ""tomat"", ""kiraz domates"", ""salça""]",t,f
ee00000c-0000-0000-0000-000000000000,Salatalık,f,f,Salatalık,"[""salatalik"", ""salatalık"", ""cucumber"", ""hıyar"", ""hiyar""]",t,f
ee00000d-0000-0000-0000-000000000000,Biber,f,f,Biber,"[""biber"", ""yeşil biber"", ""yesil biber"", ""capsicum"", ""pepper"", ""dolmalık biber"", ""sivri biber""]",t,f
9828e019-139f-48cb-89d7-693ae0b873cc,Anason,f,f,Anason,"[""anason"", ""anise"", ""taze anason""]",t,t
18a4939f-6e3e-43e3-8875-9c19d984153c,Antep Fıstığı,f,f,Antep Fıstığı,"[""antep fıstığı"", ""pistachio"", ""pistachios"", ""antep fistigi""]",t,f
ee000010-0000-0000-0000-000000000000,Ispanak,f,f,Ispanak,"[""ispanak"", ""ıspanak"", ""spinach"", ""taze ıspanak""]",t,f
ee000011-0000-0000-0000-000000000000,Brokoli,f,f,Brokoli,"[""brokoli"", ""broccoli"", ""brokoli çiçeği""]",t,f
ee000012-0000-0000-0000-000000000000,Havuç,f,f,Havuç,"[""havuç"", ""havuc"", ""carrot"", ""taze havuç"", ""bebek havuç""]",t,f
ee000013-0000-0000-0000-000000000000,Patlıcan,f,f,Patlıcan,"[""patlican"", ""patlıcan"", ""eggplant"", ""aubergine"", ""kemer patlıcan""]",t,f
ee000014-0000-0000-0000-000000000000,Kabak,f,f,Kabak,"[""kabak"", ""zucchini"", ""kabak çiçeği"", ""sakız kabağı""]",t,f
ee000015-0000-0000-0000-000000000000,Marul,f,f,Marul,"[""marul"", ""lettuce"", ""yeşil marul"", ""romaine"", ""kıvırcık marul""]",t,f
ee000016-0000-0000-0000-000000000000,Roka,f,f,Roka,"[""roka"", ""rocket"", ""arugula"", ""taze roka""]",t,f
aa2dc2c3-3701-456b-8cd9-ea608cedc56a,Arpa Şehriye,f,f,Arpa Şehriye,"[""arpa şehriye"", ""orzo"", ""toasted orzo"", ""arpa sehriye""]",t,f
ee000018-0000-0000-0000-000000000000,Dereotu,f,f,Dereotu,"[""dereotu"", ""dill"", ""taze dereotu"", ""kurutulmuş dereotu""]",t,f
ee00001a-0000-0000-0000-000000000000,Muz,f,f,Muz,"[""muz"", ""banana"", ""taze muz"", ""olgun muz""]",t,f
ee00001b-0000-0000-0000-000000000000,Elma,f,f,Elma,"[""elma"", ""apple"", ""taze elma"", ""yeşil elma""]",t,f
ee00001c-0000-0000-0000-000000000000,Portakal,f,f,Portakal,"[""portakal"", ""orange"", ""taze portakal"", ""sıkma portakal""]",t,f
ee00001d-0000-0000-0000-000000000000,Çilek,f,f,Çilek,"[""çilek"", ""cilek"", ""strawberry"", ""taze çilek""]",t,f
ee00001e-0000-0000-0000-000000000000,Avokado,f,f,Avokado,"[""avokado"", ""avocado"", ""olgun avokado""]",t,f
ee000020-0000-0000-0000-000000000000,Kivi,f,f,Kivi,"[""kivi"", ""kiwi"", ""taze kivi""]",t,f
ee000021-0000-0000-0000-000000000000,Yumurta,f,f,Yumurta,"[""yumurta"", ""egg"", ""tam yumurta"", ""büyük yumurta"", ""organik yumurta""]",t,f
ee000022-0000-0000-0000-000000000000,Tavuk Göğsü,f,f,Tavuk Göğsü,"[""tavuk gogsu"", ""tavuk göğsü"", ""tavuk"", ""chicken breast"", ""piliç"", ""piliç göğsü"", ""chicken""]",t,f
ee000023-0000-0000-0000-000000000000,Ton Balığı,f,f,Ton Balığı,"[""ton baligi"", ""ton balığı"", ""tuna"", ""ton balık"", ""light ton"", ""sardalye benzeri""]",t,f
ee000024-0000-0000-0000-000000000000,Kıyma,f,f,Kıyma,"[""kiyma"", ""kıyma"", ""mince"", ""dana kıyma"", ""karışık kıyma"", ""ground beef""]",t,f
ee000025-0000-0000-0000-000000000000,Somon,f,f,Somon,"[""somon"", ""salmon"", ""somon fileto"", ""taze somon""]",t,f
ee000026-0000-0000-0000-000000000000,Hindi Göğsü,f,f,Hindi Göğsü,"[""hindi gogsu"", ""hindi göğsü"", ""hindi"", ""turkey breast"", ""piliç muadili""]",t,f
ee000027-0000-0000-0000-000000000000,Yulaf,f,f,Yulaf,"[""yulaf"", ""oat"", ""oats"", ""yulaf ezmesi"", ""rolled oats""]",t,f
ee000028-0000-0000-0000-000000000000,Pirinç,f,f,Pirinç,"[""pirinç"", ""pirinc"", ""rice"", ""baldo pirinç"", ""uzun taneli pirinç""]",t,f
ee000029-0000-0000-0000-000000000000,Bulgur,f,f,Bulgur,"[""bulgur"", ""bulgur pilavı"", ""broken wheat"", ""ince bulgur""]",t,f
ee00002a-0000-0000-0000-000000000000,Makarna,f,f,Makarna,"[""makarna"", ""pasta"", ""spagetti"", ""spaghetti"", ""penne"", ""erişte""]",t,f
ee00002b-0000-0000-0000-000000000000,Kinoa,f,f,Kinoa,"[""kinoa"", ""quinoa"", ""tane kinoa""]",t,f
ee00002c-0000-0000-0000-000000000000,Ekmek,f,f,Ekmek,"[""ekmek"", ""bread"", ""tam buğday ekmek"", ""kepekli ekmek"", ""tost ekmeği""]",t,f
ee00002d-0000-0000-0000-000000000000,Un,f,f,Un,"[""un"", ""flour"", ""buğday unu"", ""tam buğday unu""]",t,f
ee00002e-0000-0000-0000-000000000000,Kırmızı Mercimek,f,f,Kırmızı Mercimek,"[""kırmızı mercimek"", ""kirmizi mercimek"", ""red lentil"", ""mercimek"", ""orange lentil""]",t,f
ee00002f-0000-0000-0000-000000000000,Nohut,f,f,Nohut,"[""nohut"", ""chickpea"", ""garbanzo"", ""haşlanmış nohut""]",t,f
ee000030-0000-0000-0000-000000000000,Kuru Fasulye,f,f,Kuru Fasulye,"[""kuru fasulye"", ""fasulye"", ""haricot bean"", ""white bean"", ""pinto bean""]",t,f
ee000032-0000-0000-0000-000000000000,Zeytin,f,f,Zeytin,"[""zeytin"", ""olive"", ""siyah zeytin"", ""yeşil zeytin"", ""sofralık zeytin""]",t,f
0b28af93-1bda-41e1-b6d8-2e4a74fe8add,Soğan,f,f,Soğan,"[""kuru soğan"", ""beyaz soğan"", ""kırmızı soğan""]",t,t
34cff38e-95a7-480d-a3a9-040e41c623a2,Ayçiçek Yağı,f,f,Ayçiçek Yağı,"[""bitkisel yağ"", ""ayçiçeği yağı""]",t,t
5cefeb11-f57b-4a85-b1e2-4dfb64457faf,Zeytinyağı,f,f,Zeytinyağı,"[""sızma zeytinyağı"", ""riviera zeytinyağı"", ""extravirgin zeytinyağı""]",t,t
9a8309f0-67c4-4a45-9c1a-4a9049eb2c74,Zerdeçal,f,f,Zerdeçal,"[""taze zerdeçal"", ""toz zerdeçal"", ""turmeric""]",t,t
a55b8e4c-ff64-40e9-a308-f604769ba02f,Kimyon,f,f,Kimyon,"[""çekirdek kimyon"", ""toz kimyon""]",t,t
d39cbda8-1fdd-4317-94c1-7660cfff3d48,Sarımsak,f,f,Sarımsak,"[""taze sarımsak"", ""sarımsak tozu""]",t,t
fad45ed7-f4c8-4173-b30e-e83caa3c3973,Bal,f,f,Bal,"[""çiçek balı"", ""saf bal"", ""doğal bal"", ""honey""]",t,t
ee00000e-0000-0000-0000-000000000000,Soğan,f,f,Soğan,"[""sogan"", ""soğan"", ""onion"", ""kuru soğan"", ""kırmızı soğan""]",t,t
ee00000f-0000-0000-0000-000000000000,Sarımsak,f,f,Sarımsak,"[""sarımsak"", ""sarimsak"", ""garlic"", ""taze sarımsak"", ""ezilmiş sarımsak""]",t,t
ee000017-0000-0000-0000-000000000000,Maydanoz,f,f,Maydanoz,"[""maydanoz"", ""parsley"", ""taze maydanoz"", ""kıvırcık maydanoz""]",t,t
ee000019-0000-0000-0000-000000000000,Nane,f,f,Nane,"[""nane"", ""mint"", ""taze nane"", ""spearmint""]",t,t
ee00001f-0000-0000-0000-000000000000,Limon,f,f,Limon,"[""limon"", ""lemon"", ""taze limon"", ""limon suyu""]",t,t
ee000031-0000-0000-0000-000000000000,Zeytinyağı,f,f,Zeytinyağı,"[""zeytinyagi"", ""zeytinyağı"", ""olive oil"", ""sızma zeytinyağı"", ""extra virgin olive oil""]",t,t
ee000033-0000-0000-0000-000000000000,Bal,f,f,Bal,"[""bal"", ""honey"", ""çiçek balı"", ""saf bal""]",t,t
ee000034-0000-0000-0000-000000000000,Tuz,f,f,Tuz,"[""tuz"", ""salt"", ""deniz tuzu"", ""kaya tuzu""]",t,t
ee000035-0000-0000-0000-000000000000,Karabiber,f,f,Karabiber,"[""karabiber"", ""black pepper"", ""pepper"", ""taze çekilmiş karabiber""]",t,t
ee000036-0000-0000-0000-000000000000,Kimyon,f,f,Kimyon,"[""kimyon"", ""cumin"", ""öğütülmüş kimyon""]",t,t
ee000037-0000-0000-0000-000000000000,Kırmızı Pul Biber,f,f,Kırmızı Pul Biber,"[""kırmızı pul biber"", ""pul biber"", ""red pepper flakes"", ""chili flakes"", ""acı pul biber""]",t,t
2080d447-b748-4452-97b6-8526c04bceed,Asma Yaprağı,f,f,Asma Yaprağı,"[""asma yaprağı"", ""vine leaves"", ""üzüm yaprağı"", ""sarma yaprağı"", ""asma yapragi""]",t,f
1a2f7e40-26de-4e2e-a353-1c600aae8c84,Aşurelik Buğday,f,f,Aşurelik Buğday,"[""aşurelik buğday"", ""yarma buğday"", ""wheat berries"", ""asurelik bugday""]",t,f
55494904-b1b3-4ad7-a120-74f7d31da8b6,Ayran,f,f,Ayran,"[""ayran"", ""yogurt drink"", ""taze ayran""]",t,f
a2957ae7-9f67-4b94-946d-8debe10d6f92,Ayva,f,f,Ayva,"[""ayva"", ""quince"", ""taze ayva""]",t,f
2de656e8-3f8f-49b5-be96-35c5ffa970e4,Badem İçi,f,f,Badem İçi,"[""badem içi"", ""almond kernels"", ""badem i̇çi"", ""badem ici""]",t,f
b1b96f10-b997-4021-b734-73b2c396270f,Bakla,f,f,Bakla,"[""bakla"", ""broad beans"", ""taze bakla""]",t,f
285197c6-ec73-4851-b33b-dfc5830fee4e,Bakla İçi,f,f,Bakla İçi,"[""iç bakla"", ""bakla içi"", ""peeled broad beans"", ""bakla i̇çi"", ""bakla ici""]",t,f
386f1896-07b0-4a2b-bb8c-fe0894facec0,Baklavalık Yufka,f,f,Baklavalık Yufka,"[""baklavalık yufka"", ""phyllo dough"", ""filo pastry"", ""baklavalik yufka""]",t,f
1d4c5657-d472-4c55-8654-964660fb0871,Baldo Pirinç,f,f,Baldo Pirinç,"[""baldo pirinç"", ""baldo rice"", ""baldo pirinc""]",t,f
209ece7a-b6e3-476a-9d5e-e575e9987de1,Bamya,f,f,Bamya,"[""bamya"", ""okra"", ""taze bamya""]",t,f
ac6a7fcd-3fc3-4cfd-8eb8-6cece0f6fa7c,Barbun,f,f,Barbun,"[""barbun"", ""red mullet"", ""taze barbun""]",t,f
a93eac63-1b8c-4aae-9837-d64690092ab6,Bazlama,f,f,Bazlama,"[""bazlama"", ""bazlama ekmeği"", ""taze bazlama""]",t,f
17dc8373-b205-4e23-91ee-d8867cdfc2fa,Beyaz Biber,f,f,Beyaz Biber,"[""beyaz biber"", ""white pepper""]",t,t
6eddd539-2585-4d37-bded-1a2658f97120,Beyaz Lahana,f,f,Beyaz Lahana,"[""beyaz lahana"", ""white cabbage"", ""lahana""]",t,f
2741a098-f4b1-48cf-8ff8-e1a7ae190b55,Beyaz Susam,f,f,Beyaz Susam,"[""beyaz susam"", ""white sesame""]",t,t
8462cd89-da4d-4a02-8464-2fd3b94cfcf1,Biber Salçası,f,f,Biber Salçası,"[""biber salçası"", ""pepper paste"", ""kırmızı biber salçası"", ""biber salcasi""]",t,t
d0db6fa4-4658-4c24-8ca4-10b36a88f50d,Biberiye,f,f,Biberiye,"[""biberiye"", ""rosemary"", ""taze biberiye""]",t,t
a47601c4-efdc-42be-b040-46c986fa47b7,Böğürtlen,f,f,Böğürtlen,"[""böğürtlen"", ""blackberry"", ""bogurtlen"", ""taze böğürtlen""]",t,f
02e5a3ea-592b-49fe-8a92-937c3586d36c,Börek Yufkası,f,f,Börek Yufkası,"[""börek yufkası"", ""borek sheets"", ""borek yufkasi""]",t,f
ad9665c7-652c-418d-8439-e30a497303c5,Börülce,f,f,Börülce,"[""börülce"", ""borulce"", ""black-eyed pea"", ""karnıkara"", ""taze börülce""]",t,f
80c0efb4-18a6-4b4d-9176-7eadd51a409a,Boza,f,f,Boza,"[""boza"", ""fermented millet drink"", ""taze boza""]",t,f
5c14fbf1-64e9-46b4-8339-dbf9d53c20e1,Brüksel Lahanası,f,f,Brüksel Lahanası,"[""brüksel lahanası"", ""brussels sprouts"", ""bruksel lahanasi""]",t,f
020a9014-81db-47c2-b3ce-9fc54ff9c810,Buğday Nişastası,f,f,Buğday Nişastası,"[""buğday nişastası"", ""wheat starch"", ""bugday nisastasi""]",t,f
28ce46a9-dedd-4f1b-a022-c6aa150a1a76,Çam Fıstığı,f,f,Çam Fıstığı,"[""çam fıstığı"", ""pine nuts"", ""cam fistigi""]",t,f
4060f7e5-b60f-4333-ad81-572541f2a760,Çarliston Biber,f,f,Çarliston Biber,"[""charleston biber"", ""çarliston"", ""çarli biber"", ""çarliston biber"", ""carliston biber""]",t,f
704d108a-7794-46c7-93f9-d67e76c3fe9b,Çeçil Peyniri,f,f,Çeçil Peyniri,"[""çeçil peyniri"", ""cecil cheese"", ""cecil peyniri""]",t,f
3d9dffda-1f8f-43cc-b61b-12c5ca4bd737,Ceviz İçi,f,f,Ceviz İçi,"[""ceviz içi"", ""walnut halves"", ""ceviz i̇çi"", ""ceviz ici""]",t,f
8e2c65e5-ff0c-4140-8a99-3a20638403d2,Çökelek,f,f,Çökelek,"[""çökelek"", ""cokelek"", ""curd cheese"", ""taze çökelek""]",t,f
38edc32f-0d61-4710-b81e-a3d76cab45e4,Çörek Otu,f,f,Çörek Otu,"[""çörek otu"", ""black cumin"", ""nigella"", ""corek otu""]",t,t
e6c46e2d-e683-4f68-95d5-6c8510f74a4d,Damla Sakızı,f,f,Damla Sakızı,"[""damla sakızı"", ""mastic"", ""damla sakizi""]",t,t
947155b6-efe2-40d6-a627-f4b3eb106f25,Dana Biftek,f,f,Dana Biftek,"[""dana biftek"", ""beef steak"", ""antrikot""]",t,f
9d0c1cd3-fcac-4dbd-84a3-5836f20bc8fb,Dana Bonfile,f,f,Dana Bonfile,"[""dana bonfile"", ""beef tenderloin"", ""bonfile""]",t,f
37100682-d20c-42fb-9214-90cff314d981,Dana Ciğeri,f,f,Dana Ciğeri,"[""dana ciğeri"", ""beef liver"", ""arnavut ciğeri"", ""dana cigeri""]",t,f
ce530eb9-7758-465a-aabd-7ceb2df0ce75,Dana Kuşbaşı,f,f,Dana Kuşbaşı,"[""dana kuşbaşı"", ""beef cubes"", ""stew beef"", ""dana kusbasi""]",t,f
e220e9a3-1248-451a-916f-1a6713664ce3,Defne Yaprağı,f,f,Defne Yaprağı,"[""defne yaprağı"", ""bay leaf"", ""laurel leaf"", ""defne yapragi""]",t,t
b45802ed-7d50-44b2-8f98-1e9d549f5e4b,Dil,f,f,Dil,"[""dil"", ""beef tongue"", ""taze dil""]",t,f
fbd990be-1e3a-4b11-ba9d-ef29279d3efb,Dil Peyniri,f,f,Dil Peyniri,"[""dil peyniri"", ""string cheese""]",t,f
1b829518-881c-48ff-9f05-e198898b6959,Dolmalık Biber,f,f,Dolmalık Biber,"[""dolmalik biber"", ""bell pepper"", ""dolma biberi"", ""dolmalık biber""]",t,f
e9b007c7-b944-4bcd-9fcf-410a96748f93,Domates Salçası,f,f,Domates Salçası,"[""domates salçası"", ""tomato paste"", ""salça"", ""domates salcasi""]",t,t
a58e3769-910f-4939-a0cd-1e5cda29f159,Dut,f,f,Dut,"[""dut"", ""mulberry"", ""kara dut"", ""taze dut""]",t,f
ebb792a2-ce84-444f-8154-b35864f99b64,Dut Pekmezi,f,f,Dut Pekmezi,"[""dut pekmezi"", ""mulberry molasses""]",t,t
f547862a-160d-46be-b40d-fa1a06e9e8f7,Elma Sirkesi,f,f,Elma Sirkesi,"[""elma sirkesi"", ""apple cider vinegar""]",t,t
5232e5b2-7406-4b69-a30a-82ce7f48deea,Enginar,f,f,Enginar,"[""enginar"", ""artichoke"", ""taze enginar""]",t,f
22136e0b-8174-4b29-bbfb-f90b09e1704f,Erik,f,f,Erik,"[""erik"", ""plum"", ""can eriği"", ""taze erik""]",t,f
176c0948-c748-447e-aeaa-e0ec6c9891be,Erişte,f,f,Erişte,"[""erişte"", ""egg noodles"", ""homemade erişte"", ""eriste"", ""taze erişte""]",t,f
6f76d03c-0204-4c56-a22e-8d69344fda1f,Esmer Şeker,f,f,Esmer Şeker,"[""esmer şeker"", ""brown sugar"", ""esmer seker""]",t,t
5e86143d-d26a-4ae6-aa1c-7000f179b834,Ezine Peyniri,f,f,Ezine Peyniri,"[""ezine peyniri"", ""ezine cheese""]",t,f
81f5d70b-f243-4753-8444-823e41554858,Fesleğen,f,f,Fesleğen,"[""fesleğen"", ""feslegen"", ""basil"", ""taze fesleğen""]",t,t
3286822b-725e-4f78-af95-f7ea36e74258,Fıstık,f,f,Fıstık,"[""fıstık"", ""peanut"", ""nuts"", ""fistik"", ""taze fıstık""]",t,f
eb88f100-30e8-48eb-9552-fcc063701c70,Galeta Unu,f,f,Galeta Unu,"[""galeta unu"", ""bread crumbs"", ""ekmek kırıntısı""]",t,t
6dd0657b-c1f7-4b60-8afb-7e8359c47e57,Greyfurt,f,f,Greyfurt,"[""greyfurt"", ""grapefruit"", ""taze greyfurt""]",t,f
4919d5b3-2028-4a3c-ad9b-d796e27a2dd4,Gül Suyu,f,f,Gül Suyu,"[""gül suyu"", ""rose water"", ""gul suyu""]",t,t
d1ce1aff-8a2d-4e38-801f-9d30e6c15b3b,Güllaç Yaprağı,f,f,Güllaç Yaprağı,"[""güllaç yaprağı"", ""gullac leaf"", ""milk phyllo sheets"", ""gullac yapragi""]",t,f
ff40e56b-5f55-47d1-8050-bdef2c8cffd6,Gün Kurusu Kayısı,f,f,Gün Kurusu Kayısı,"[""gün kurusu"", ""kuru kayısı"", ""sun-dried apricot"", ""gün kurusu kayısı"", ""gun kurusu kayisi""]",t,f
4081407b-0c1c-4efc-90e2-8805cac15d8f,Hake,f,f,Hake,"[""mezgit fileto"", ""hake"", ""taze hake""]",t,f
f469ff19-90c6-45e2-b89b-73b22b1b01f8,Hardal,f,f,Hardal,"[""hardal"", ""mustard"", ""taze hardal""]",t,t
7da8a4cb-be47-43dc-b129-3483ac825232,Hardal Tohumu,f,f,Hardal Tohumu,"[""hardal tohumu"", ""mustard seeds""]",t,t
ff2253ae-5307-47bb-8e10-a2cd0b1c9121,Haşhaş,f,f,Haşhaş,"[""haşhaş"", ""poppy seeds"", ""hashas"", ""taze haşhaş""]",t,t
55c208f2-9e34-429f-b542-17d8da77cbd5,Hellim,f,f,Hellim,"[""hellim"", ""halloumi"", ""taze hellim""]",t,f
7cb1cad7-c74a-47f4-bafe-5acf2e616e5a,Hindi But,f,f,Hindi But,"[""hindi but"", ""turkey leg""]",t,f
02526b8c-1338-442e-8376-085d5ba28d39,Hindi Füme,f,f,Hindi Füme,"[""hindi füme"", ""smoked turkey"", ""hindi fume""]",t,f
9f1dcbd9-bb2e-4aa7-bea2-20cb8f3cdb7b,Hurma,f,f,Hurma,"[""hurma"", ""date fruit"", ""medjool hurma"", ""taze hurma""]",t,f
d79ba95b-c5f1-49ef-b086-37ed7e7f632b,İnce Bulgur,f,f,İnce Bulgur,"[""ince bulgur"", ""fine bulgur"", ""köftelik bulgur"", ""i̇nce bulgur""]",t,f
c8b77842-f7dc-403b-98fa-4ab975ae4d11,İncir,f,f,İncir,"[""incir"", ""fig"", ""taze incir"", ""i̇ncir"", ""taze i̇ncir""]",t,f
8be58a3e-1e3d-41f8-a61a-7f4db4103338,İrmik,f,f,İrmik,"[""irmik"", ""semolina"", ""i̇rmik"", ""taze i̇rmik""]",t,f
01be3b9e-48b4-40bd-b717-f87863903c6f,İşkembe,f,f,İşkembe,"[""işkembe"", ""tripe"", ""i̇şkembe"", ""iskembe"", ""taze i̇şkembe""]",t,f
c5dbb474-95b4-48ac-9473-6a7b9d3b12d7,İsot,f,f,İsot,"[""isot"", ""urfa biberi"", ""isot pepper"", ""i̇sot"", ""taze i̇sot""]",t,t
76a8ef78-e77b-4cc5-951b-80c2309f8b4d,İstavrit,f,f,İstavrit,"[""istavrit"", ""horse mackerel"", ""i̇stavrit"", ""taze i̇stavrit""]",t,f
9a6ffdab-b423-4116-8cca-84b11858b8d4,İstiridye Mantarı,f,f,İstiridye Mantarı,"[""istiridye mantarı"", ""oyster mushroom"", ""i̇stiridye mantarı"", ""istiridye mantari""]",t,f
7f2214f0-6edc-4643-a23d-991afdd1699c,Jasmin Pirinç,f,f,Jasmin Pirinç,"[""jasmine rice"", ""yasemin pirinci"", ""jasmin pirinç"", ""jasmin pirinc""]",t,f
bc25d677-f56f-4f82-9c52-31fdf49a86b7,Kabak Çekirdeği,f,f,Kabak Çekirdeği,"[""kabak çekirdeği"", ""pumpkin seeds"", ""kabak cekirdegi""]",t,f
56d3414f-1f41-491c-8974-9c798636f4bb,Kabak Çekirdeği İçi,f,f,Kabak Çekirdeği İçi,"[""kabak çekirdeği içi"", ""pumpkin seed kernels"", ""kabak çekirdeği i̇çi"", ""kabak cekirdegi ici""]",t,f
20a53a09-3e22-4c1b-b729-d8a4f6a5e7e6,Kabartma Tozu,f,f,Kabartma Tozu,"[""kabartma tozu"", ""baking powder""]",t,t
c8dae847-6dd0-4c08-a1af-5ef569a3a27a,Kadayıf,f,f,Kadayıf,"[""kadayıf"", ""shredded phyllo"", ""kadayif"", ""taze kadayıf""]",t,f
b885e868-cd2b-457d-8d55-43dcc1c81cf2,Kadayıflık Fıstık,f,f,Kadayıflık Fıstık,"[""kadayıflık fıstık"", ""ground pistachio"", ""kadayiflik fistik""]",t,f
d8abfd3d-7738-4687-b278-00f7a3088ea4,Kakao,f,f,Kakao,"[""kakao"", ""cocoa powder"", ""taze kakao""]",t,t
97f1c567-8611-4b5c-abf8-a506d993ca6e,Kakule,f,f,Kakule,"[""kakule"", ""cardamom"", ""taze kakule""]",t,t
7f2ef4f6-174a-4923-a98f-b786668e21d4,Kalamar,f,f,Kalamar,"[""kalamar"", ""squid"", ""calamari"", ""taze kalamar""]",t,f
fe80fcb5-6aad-4f02-9927-784e2f2ee8df,Kalkan,f,f,Kalkan,"[""kalkan"", ""turbot"", ""taze kalkan""]",t,f
003a6893-687d-4e00-bd7c-f3d14b3e01fb,Kapari,f,f,Kapari,"[""kapari"", ""capers"", ""taze kapari""]",t,f
5826ed24-b540-4c4f-b8ca-2ff14c3db10a,Kara Lahana,f,f,Kara Lahana,"[""kara lahana"", ""collard greens"", ""karadeniz lahanası""]",t,f
5c776233-efe3-4ea0-a178-d5744f7c374e,Karanfil,f,f,Karanfil,"[""karanfil"", ""clove"", ""taze karanfil""]",t,t
19e685ec-ce83-40b0-b7ba-7c2b880965d3,Karbonat,f,f,Karbonat,"[""karbonat"", ""baking soda"", ""taze karbonat""]",t,t
969a53b4-6b34-4461-8b02-1e70bf990db3,Karides,f,f,Karides,"[""karides"", ""shrimp"", ""prawn"", ""taze karides""]",t,f
dc544854-1335-49b3-be7c-751496dca301,Karnabahar,f,f,Karnabahar,"[""karnabahar"", ""cauliflower"", ""beyaz karnabahar"", ""taze karnabahar""]",t,f
ca21475d-d8af-4a70-b669-576da08d6802,Karpuz,f,f,Karpuz,"[""karpuz"", ""watermelon"", ""taze karpuz""]",t,f
d518ed61-9e72-45af-8335-853a6d2a554f,Kars Gravyeri,f,f,Kars Gravyeri,"[""kars gravyeri"", ""gruyere style kars cheese""]",t,f
0bb83d38-30ef-4a91-b444-1a0e8538d016,Kavrulmuş Fındık,f,f,Kavrulmuş Fındık,"[""kavrulmuş fındık"", ""roasted hazelnut"", ""kavrulmus findik""]",t,f
45b16501-37cc-4495-9091-48e66371847b,Kavun,f,f,Kavun,"[""kavun"", ""melon"", ""taze kavun""]",t,f
7fd9aed7-99ef-4a23-bf77-ddcea28d0f57,Kayısı,f,f,Kayısı,"[""kayısı"", ""apricot"", ""taze kayısı"", ""kayisi""]",t,f
34d2015a-a375-4ead-9908-06366cf529f7,Kaymak,f,f,Kaymak,"[""kaymak"", ""clotted cream"", ""taze kaymak""]",t,f
a67e97d7-837d-4acd-b09e-c1d1520e3133,Kaymaklık Krema,f,f,Kaymaklık Krema,"[""kaymaklık krema"", ""thick cream"", ""kaymaklik krema""]",t,f
f5985fd2-614f-4e1a-ba23-977246f34709,Keçi Peyniri,f,f,Keçi Peyniri,"[""keçi peyniri"", ""goat cheese"", ""keci peyniri""]",t,f
a04c5dd4-67fa-49d5-820e-e117bcaf0413,Keçiboynuzu Pekmezi,f,f,Keçiboynuzu Pekmezi,"[""keçiboynuzu pekmezi"", ""carob molasses"", ""keciboynuzu pekmezi""]",t,t
11ba2e29-4ddf-495c-89f2-f462588fa7d6,Kefal,f,f,Kefal,"[""kefal"", ""grey mullet"", ""taze kefal""]",t,f
311104cb-92a8-4e64-bb18-d22461effebe,Kekik,f,f,Kekik,"[""kekik"", ""thyme"", ""dried thyme"", ""taze kekik""]",t,t
e0ca00cc-387f-4ecd-88fe-bf60ea8bf2f9,Kereviz,f,f,Kereviz,"[""kereviz"", ""celery root"", ""celeriac"", ""taze kereviz""]",t,f
c2b0001f-3b10-438f-96e3-fb78ebc1cfe4,Kereviz Sapı,f,f,Kereviz Sapı,"[""kereviz sapi"", ""kereviz sapı"", ""celery stalk""]",t,t
38204f9b-5612-44fb-be2b-94e393654483,Keşkeklik Buğday,f,f,Keşkeklik Buğday,"[""keşkeklik buğday"", ""hulled wheat for keşkek"", ""keskeklik bugday""]",t,f
aeb7ebbe-a69e-4ee0-aeec-ed334b9490f4,Kiraz,f,f,Kiraz,"[""kiraz"", ""cherry"", ""tatlı kiraz"", ""taze kiraz""]",t,f
2265a5df-362a-4a6f-a9c3-e6ad35a511b2,Kırık Pirinç,f,f,Kırık Pirinç,"[""kırık pirinç"", ""broken rice"", ""kirik pirinc""]",t,f
7ec38a72-98a6-4990-a83e-a3e4009bacb1,Kırmızı Lahana,f,f,Kırmızı Lahana,"[""kırmızı lahana"", ""mor lahana"", ""red cabbage"", ""kirmizi lahana""]",t,f
107e3b40-e687-461f-91fd-993528c6dad5,Kırmızı Turp,f,f,Kırmızı Turp,"[""kırmızı turp"", ""red radish"", ""cherry belle radish"", ""kirmizi turp""]",t,f
b8bbaa84-40e8-42f1-a900-0b199a35dc49,Kişniş,f,f,Kişniş,"[""kişniş"", ""coriander"", ""kisnis"", ""taze kişniş""]",t,t
caf3cfb2-24ab-47d2-9490-58620cea08fb,Kornişon,f,f,Kornişon,"[""kornison"", ""kornişon"", ""gherkin"", ""küçük salatalık turşusu"", ""taze kornişon""]",t,f
e9d9307d-e59d-4476-ba30-eed7831a2e2a,Kültür Mantarı,f,f,Kültür Mantarı,"[""kultur mantari"", ""kültür mantarı"", ""button mushroom""]",t,f
78f85be6-e7fc-4526-b3a4-e7b9967a5e7b,Kuru İncir,f,f,Kuru İncir,"[""kuru incir"", ""dried fig"", ""kuru i̇ncir""]",t,f
65eff304-09e9-4715-9874-92107d9b26c9,Kuru Maya,f,f,Kuru Maya,"[""kuru maya"", ""instant yeast"", ""dry yeast""]",t,t
3785a97c-6efc-4184-84f4-c8329f2fca36,Kuru Nane,f,f,Kuru Nane,"[""kuru nane"", ""dried mint""]",t,t
68ff4c3a-61f6-4535-96d6-ef012abd3883,Kuru Üzüm,f,f,Kuru Üzüm,"[""kuru üzüm"", ""raisin"", ""üzüm kurusu"", ""kuru uzum""]",t,f
eaadef6b-c503-4724-aa35-96b983153748,Kurutulmuş Kekik,f,f,Kurutulmuş Kekik,"[""kurutulmuş kekik"", ""dried thyme"", ""kurutulmus kekik""]",t,t
af80ad07-16b7-4d42-8e4e-7f41a9bb4f1c,Kurutulmuş Nane,f,f,Kurutulmuş Nane,"[""kurutulmuş nane"", ""dried mint"", ""kurutulmus nane""]",t,t
6eee67df-55f9-4b61-a9a5-edb6cec23a64,Kuşkonmaz,f,f,Kuşkonmaz,"[""kuşkonmaz"", ""asparagus"", ""kuskonmaz"", ""taze kuşkonmaz""]",t,f
0982b621-fb31-4229-afac-6d8eb122ba0f,Kuskus,f,f,Kuskus,"[""kuskus"", ""couscous"", ""taze kuskus""]",t,f
79a2350e-953e-4ce4-8eba-287f8def9f77,Kuzu İncik,f,f,Kuzu İncik,"[""kuzu incik"", ""lamb shank"", ""kuzu i̇ncik""]",t,f
1d61ff85-f0a4-4a7b-a9ec-9fecb3fa9dfa,Kuzu Kıyma,f,f,Kuzu Kıyma,"[""kuzu kıyma"", ""ground lamb"", ""lamb mince"", ""kuzu kiyma""]",t,f
42e5e797-c517-45d8-8dc8-db58d4e3fc39,Kuzu Pirzola,f,f,Kuzu Pirzola,"[""kuzu pirzola"", ""lamb chops"", ""pirzola""]",t,f
6ad47e5e-954f-4bb0-9df2-1940a1ae800f,Labne,f,f,Labne,"[""labne"", ""labneh"", ""cream cheese style yogurt"", ""taze labne""]",t,f
9bdb632e-47de-4a32-8748-d86a94cff6c4,Lahana Yaprağı,f,f,Lahana Yaprağı,"[""lahana yaprağı"", ""cabbage leaves"", ""lahana yapragi""]",t,f
4aa734a0-82be-4946-95ac-eef167abfdb6,Lavaş,f,f,Lavaş,"[""lavaş"", ""lavash"", ""lavas"", ""taze lavaş""]",t,f
660ddae4-296f-4293-96f1-224b4d83e393,Lime,f,f,Lime,"[""lime"", ""misket limonu"", ""taze lime""]",t,f
8facfa99-285f-4063-b00c-81789afdc03b,Limon Kabuğu,f,f,Limon Kabuğu,"[""limon kabuğu"", ""lemon zest"", ""limon kabugu""]",t,t
018696ce-bcd1-458c-8348-aea949fee88c,Limon Tuzu,f,f,Limon Tuzu,"[""limon tuzu"", ""citric acid""]",t,t
1778aa45-3a3f-4a80-8b28-b96efe5a74e0,Lüfer,f,f,Lüfer,"[""lüfer"", ""bluefish"", ""lufer"", ""taze lüfer""]",t,f
c980ca7a-ebfa-410d-a24e-e414c87a14d3,Mahlep,f,f,Mahlep,"[""mahlep"", ""mahleb"", ""taze mahlep""]",t,t
2bfd4228-d067-4ff1-8cf9-88472cd3c0fe,Mandalina,f,f,Mandalina,"[""mandalina"", ""tangerine"", ""clementine"", ""taze mandalina""]",t,f
8af534a4-f829-4dd8-bb4d-a14e4a8336ce,Mantar,f,f,Mantar,"[""mantar"", ""mushroom"", ""kültür mantarı"", ""taze mantar""]",t,f
f79bfba4-6557-4477-bc53-37a553b95aeb,Maya,f,f,Maya,"[""maya"", ""yeast"", ""taze maya""]",t,t
6108c1df-ac67-41c9-90ea-a327ac628e78,Mezgit,f,f,Mezgit,"[""mezgit"", ""whiting"", ""taze mezgit""]",t,f
d64100ca-3696-4d97-a1de-f6685f85b5a0,Midye,f,f,Midye,"[""midye"", ""mussel"", ""taze midye""]",t,f
97bb2204-234d-4827-9328-3fa77dd7a6ad,Mihaliç Peyniri,f,f,Mihaliç Peyniri,"[""mihaliç peyniri"", ""manyas kelle"", ""mihalic peyniri""]",t,f
21d49dd3-9991-4926-8afc-624e7d06a25c,Mısır Nişastası,f,f,Mısır Nişastası,"[""mısır nişastası"", ""corn starch"", ""cornstarch"", ""misir nisastasi""]",t,f
e9088138-6d0a-4b60-a45a-65387e815ce4,Mısır Unu,f,f,Mısır Unu,"[""mısır unu"", ""corn flour"", ""cornmeal"", ""misir unu""]",t,f
9d8d83fd-5aa1-4661-a4f4-3b2143fabf69,Mısır Yarması,f,f,Mısır Yarması,"[""mısır yarması"", ""coarse corn grits"", ""misir yarmasi""]",t,f
d236b897-b831-4e7f-98b5-5d42afc507d6,Muskat,f,f,Muskat,"[""muskat"", ""nutmeg"", ""taze muskat""]",t,t
a314b55e-ef45-485b-bdb3-9a69b9bd62da,Nar,f,f,Nar,"[""nar"", ""pomegranate"", ""taze nar""]",t,f
ba8306d4-cf20-43d9-beef-8e9ba93eedc3,Nar Ekşisi,f,f,Nar Ekşisi,"[""nar ekşisi"", ""pomegranate molasses"", ""nar eksisi""]",t,t
160df637-4def-42ba-8590-fbe16188cf57,Nişasta,f,f,Nişasta,"[""nişasta"", ""starch"", ""nisasta"", ""taze nişasta""]",t,f
4e377cab-661e-4a25-8c94-43c328e6dca1,Ördek Yumurtası,f,f,Ördek Yumurtası,"[""ördek yumurtası"", ""duck egg"", ""ordek yumurtasi""]",t,f
6cab1d51-dd55-4e19-b196-0f5ac9884826,Osmancık Pirinç,f,f,Osmancık Pirinç,"[""osmancık pirinç"", ""osmancik rice"", ""osmancik pirinc""]",t,f
b8c7e97e-3336-4bd9-a49a-7de8f290d11d,Paça,f,f,Paça,"[""paça"", ""trotter meat"", ""paca"", ""taze paça""]",t,f
ca3b1ec4-c30c-4031-bbaa-d69fef46a98c,Palamut,f,f,Palamut,"[""palamut"", ""bonito"", ""taze palamut""]",t,f
7efb8124-685c-47b6-a0cc-abfbff03c5ec,Pancar,f,f,Pancar,"[""pancar"", ""beetroot"", ""kırmızı pancar"", ""taze pancar""]",t,f
d3558644-9a09-48d6-86b7-3e781ab94b6d,Pastırma,f,f,Pastırma,"[""pastirma"", ""pastırma"", ""cured beef"", ""taze pastırma""]",t,f
3b0fff54-2a2d-4052-9b1b-96fc45c37535,Pazı,f,f,Pazı,"[""pazi"", ""pazı"", ""chard"", ""yaprak pazı"", ""taze pazı""]",t,f
ff08d8d4-aaaf-4e1f-b7a5-0fa30cd5b05b,Pekmez,f,f,Pekmez,"[""pekmez"", ""molasses"", ""taze pekmez""]",t,t
4e161805-aaf4-4807-8236-4165314a5788,Pide,f,f,Pide,"[""pide"", ""turkish flatbread"", ""ramazan pidesi"", ""taze pide""]",t,f
567d45f8-4de6-4478-9d09-34791915f658,Pilavlık Bulgur,f,f,Pilavlık Bulgur,"[""pilavlık bulgur"", ""coarse bulgur"", ""iri bulgur"", ""pilavlik bulgur""]",t,f
e559f5b1-c9cd-4d6a-ae24-1a616709488f,Pırasa,f,f,Pırasa,"[""pirasa"", ""pırasa"", ""leek"", ""taze pırasa""]",t,f
3db0fe82-23b9-4235-8af3-7ffb414082ae,Pirinç Unu,f,f,Pirinç Unu,"[""pirinç unu"", ""rice flour"", ""pirinc unu""]",t,f
a340534c-9acd-4ec5-80d1-fa7356a769a3,Poğaça,f,f,Poğaça,"[""poğaça"", ""pogaca"", ""savory pastry"", ""taze poğaça""]",t,f
65453bdb-5671-45b3-91b1-68fd3203b6f5,Portakal Çiçeği Suyu,f,f,Portakal Çiçeği Suyu,"[""portakal çiçeği suyu"", ""orange blossom water"", ""portakal cicegi suyu""]",t,t
18b9c753-7f4b-49a4-9c74-047daa74ff9f,Portakal Kabuğu,f,f,Portakal Kabuğu,"[""portakal kabuğu"", ""orange zest"", ""portakal kabugu""]",t,t
6b848c1b-5b72-43cc-96e6-9d81aea4a848,Pudra Şekeri,f,f,Pudra Şekeri,"[""pudra şekeri"", ""powdered sugar"", ""icing sugar"", ""pudra sekeri""]",t,t
d7367ac1-f8f8-4f53-bb22-b312d3c61789,Ramazan Pidesi,f,f,Ramazan Pidesi,"[""ramazan pidesi"", ""iftar pidesi""]",t,f
05205fab-d155-41e9-af18-ad00eb52b8a9,Rezene,f,f,Rezene,"[""rezene"", ""fennel"", ""taze rezene""]",t,t
fbc6d95c-8554-454c-bc17-0028529d2e09,Safran,f,f,Safran,"[""safran"", ""saffron"", ""taze safran""]",t,t
fab8d290-f0d2-44b6-af1f-c72a4b7f4dfc,Sakatat,f,f,Sakatat,"[""sakatat"", ""offal"", ""taze sakatat""]",t,f
97a4c96b-13be-4b3b-b9ec-3f3872257ecf,Salatalık Turşusu,f,f,Salatalık Turşusu,"[""salatalık turşusu"", ""pickled cucumber"", ""turşuluk salatalık"", ""salatalik tursusu""]",t,f
7d04b1ad-1648-4165-904d-f3cb2a3b35e1,Salep,f,f,Salep,"[""salep"", ""orchid drink powder"", ""taze salep""]",t,t
ba23e956-7ea6-4725-8962-2b4d8c5d5258,Şalgam,f,f,Şalgam,"[""şalgam"", ""turnip"", ""mor şalgam"", ""salgam"", ""taze şalgam""]",t,f
e031f5cf-aa13-4514-99cc-e40fb3c19d7a,Şalgam Suyu,f,f,Şalgam Suyu,"[""şalgam suyu"", ""turnip juice drink"", ""salgam suyu""]",t,f
1bd2ded5-f818-4fbc-9b9a-b5f194bab834,Sarı Mercimek,f,f,Sarı Mercimek,"[""sarı mercimek"", ""yellow lentils"", ""yellow lentil"", ""sari mercimek""]",t,f
7eb5b21b-fa17-4830-a4f1-b2aa2f62d68a,Semizotu,f,f,Semizotu,"[""semizotu"", ""purslane"", ""taze semizotu""]",t,f
d9d1d797-893c-486e-a0b4-82f77933d07f,Şerbet,f,f,Şerbet,"[""şerbet"", ""simple syrup"", ""serbet"", ""taze şerbet""]",t,t
071ca0b7-8854-46d7-8505-799aa3a10f9b,Simit,f,f,Simit,"[""simit"", ""turkish bagel"", ""taze simit""]",t,f
be206662-479c-4b85-a4e0-3b2db9b7c306,Sirke,f,f,Sirke,"[""sirke"", ""vinegar"", ""taze sirke""]",t,t
f66dce92-70a6-4cc8-a12e-8891cdcf3402,Sivri Biber,f,f,Sivri Biber,"[""sivri biber"", ""uzun yeşil biber"", ""acı sivri biber""]",t,f
f18f7bce-6b8f-4647-97fe-48add1bfff8e,Siyah Susam,f,f,Siyah Susam,"[""siyah susam"", ""black sesame""]",t,t
affa4389-7cfb-4de6-b3e5-66c97f78cf47,Sucuk,f,f,Sucuk,"[""sucuk"", ""turkish sausage"", ""fermente sucuk"", ""taze sucuk""]",t,f
29f6d894-da5c-42bb-b47f-1958ea378b11,Sumak,f,f,Sumak,"[""sumak"", ""sumac"", ""taze sumak""]",t,t
ae35a958-544a-4729-a39d-98d90c68cb42,Süt Kreması,f,f,Süt Kreması,"[""süt kreması"", ""milk cream"", ""sut kremasi""]",t,f
c2c92b8f-6332-4dbd-b40f-871d3168023d,Tane Karabiber,f,f,Tane Karabiber,"[""tane karabiber"", ""whole black pepper""]",t,t
542580f9-295d-4bc1-ba47-fc50fe8dbf57,Tarhana,f,f,Tarhana,"[""tarhana"", ""fermented soup mix"", ""toz tarhana"", ""taze tarhana""]",t,f
2c1f71e8-c513-4bf2-b2e2-e3a6aed01cfd,Tarhun,f,f,Tarhun,"[""tarhun"", ""tarragon"", ""taze tarhun""]",t,t
6609002c-6deb-4481-aa3f-36ee504cd4fc,Tatlı Kırmızı Toz Biber,f,f,Tatlı Kırmızı Toz Biber,"[""tatlı kırmızı toz biber"", ""sweet paprika"", ""paprika"", ""tatli kirmizi toz biber""]",t,t
e9ad8c69-0314-41bd-897e-7dd78cfa7cd5,Tavuk Ciğeri,f,f,Tavuk Ciğeri,"[""tavuk ciğeri"", ""chicken liver"", ""tavuk cigeri""]",t,f
bca6ccc6-a2e0-4970-abec-8e8fe54136cc,Tavuk Kalça,f,f,Tavuk Kalça,"[""tavuk kalça"", ""chicken thigh"", ""tavuk kalca""]",t,f
1ed129f8-04a1-40d0-a569-3cef924b5e52,Tavuk Kanat,f,f,Tavuk Kanat,"[""tavuk kanat"", ""chicken wings""]",t,f
6f052dcc-23c7-4059-a48b-f9f2bb2a7ef0,Taze Börülce,f,f,Taze Börülce,"[""taze börülce"", ""fresh black-eyed peas"", ""taze borulce""]",t,f
17c25be3-47e9-4631-a795-5584ba7e9dee,Taze Fasulye,f,f,Taze Fasulye,"[""taze fasulye"", ""green beans"", ""çalı fasulyesi""]",t,f
cdd0b532-2220-46e5-aeb2-2f9cac98c17c,Taze Sarımsak,f,f,Taze Sarımsak,"[""taze sarimsak"", ""taze sarımsak"", ""green garlic""]",t,t
83a8dbac-b740-40f9-8af6-c2ff2bbf3f63,Taze Soğan,f,f,Taze Soğan,"[""taze soğan"", ""scallion"", ""yeşil soğan"", ""spring onion"", ""taze sogan""]",t,t
9945f56c-5d43-4362-a8b8-39c5b505b08e,Tel Kadayıf,f,f,Tel Kadayıf,"[""tel kadayıf"", ""fine kadayıf"", ""tel kadayif""]",t,f
418a7fe5-420e-4078-8981-f71ecd729f7c,Tel Şehriye,f,f,Tel Şehriye,"[""tel şehriye"", ""vermicelli"", ""şehriye"", ""tel sehriye""]",t,f
356c7e7b-2f87-4624-9f67-359ed7b49e14,Toz Şeker,f,f,Toz Şeker,"[""toz şeker"", ""granulated sugar"", ""şeker"", ""toz seker""]",t,t
0ffd5b40-54fd-48c0-994c-c7f17722110c,Turp,f,f,Turp,"[""turp"", ""radish"", ""beyaz turp"", ""taze turp""]",t,f
bdac8611-dad0-45a2-b54a-c5db4470020d,Uskumru,f,f,Uskumru,"[""uskumru"", ""mackerel"", ""taze uskumru""]",t,f
df004d28-219a-4df4-8bd5-f957eda475ed,Üzüm Pekmezi,f,f,Üzüm Pekmezi,"[""üzüm pekmezi"", ""grape molasses"", ""uzum pekmezi""]",t,t
2eff9ba9-5110-402d-9cf5-1ccb495dcffd,Üzüm Sirkesi,f,f,Üzüm Sirkesi,"[""üzüm sirkesi"", ""grape vinegar"", ""uzum sirkesi""]",t,t
b78e1c05-a1b9-4dc3-9a93-9ff258747629,Vanilya,f,f,Vanilya,"[""vanilya"", ""vanilla"", ""taze vanilya""]",t,t
e14a857f-6c5d-425a-bf63-0dde277409db,Vişne,f,f,Vişne,"[""vişne"", ""sour cherry"", ""visne"", ""taze vişne""]",t,f
7581836d-d070-4c09-8a46-e6472a8b92be,Yarma,f,f,Yarma,"[""yarma"", ""yarma buğday"", ""cracked wheat"", ""taze yarma""]",t,f
06b4f72c-abe7-4e1a-8eda-4dc537e54a24,Yaş Maya,f,f,Yaş Maya,"[""yaş maya"", ""fresh yeast"", ""yas maya""]",t,t
644df520-25e3-4a55-8f8b-c32d5b3e9e5a,Yeni Dünya,f,f,Yeni Dünya,"[""yenidünya"", ""malta eriği"", ""loquat"", ""yeni dünya"", ""yeni dunya""]",t,f
d2bb275f-0319-4645-9a8a-dbe07b88fc2a,Yenibahar,f,f,Yenibahar,"[""yenibahar"", ""allspice"", ""taze yenibahar""]",t,t
838b7959-a648-4059-a105-a1aba8cb447c,Yer Elması,f,f,Yer Elması,"[""yer elması"", ""jerusalem artichoke"", ""yer elmasi""]",t,f
62b2de1d-5e46-470e-a400-40349db438a7,Yer Fıstığı,f,f,Yer Fıstığı,"[""yer fıstığı"", ""peanut"", ""yer fistigi""]",t,f
285b4d21-eef8-452c-b99b-1c7a306898c2,Yeşil Biber,f,f,Yeşil Biber,"[""yesil biber"", ""green pepper"", ""tatlı yeşil biber"", ""ince biber"", ""yeşil biber""]",t,f
4d13a33a-a5b4-4763-bc7e-047d8bb53538,Yeşil Mercimek,f,f,Yeşil Mercimek,"[""yeşil mercimek"", ""green lentils"", ""green lentil"", ""yesil mercimek""]",t,f
792cf986-9ae9-4c85-9262-056308876838,Yufka,f,f,Yufka,"[""yufka"", ""phyllo sheet"", ""thin flatbread"", ""taze yufka""]",t,f
75fb87e9-c409-45e5-8d5c-b01ebb4921f1,Zencefil,f,f,Zencefil,"[""zencefil"", ""ginger"", ""taze zencefil""]",t,t
ee000038-0000-0000-0000-000000000000,Patates,f,f,Patates,"[""patates"", ""potato"", ""potatoes"", ""taze patates"", ""haşlanmış patates""]",t,f
ee000039-0000-0000-0000-000000000000,Mantar,f,f,Mantar,"[""mantar"", ""mushroom"", ""mushrooms"", ""kültür mantarı"", ""şampinyon"", ""champignon""]",t,f
ee00003a-0000-0000-0000-000000000000,Kırmızı Biber,f,f,Kırmızı Biber,"[""kırmızı biber"", ""kirmizi biber"", ""red pepper"", ""red bell pepper"", ""capsicum red"", ""paprika""]",t,f
